source_run,source_path,condition_id,condition_state,run_type,pair_id,scenario_key,persona_key,speech_pattern_key,agent_a_type,agent_b_model,agent_b_llm_size,tts_engine,asr_engine,asr_beam_size,network_seed,outcome,task_success,stop_reason,route_valid,destination_reached,route_duration_min,duration_limit_min,optimal_duration_min,duration_gap_min,constraints_satisfied,constraints_total,candidates_compared,route_revisions,turn_count,runtime_sec,selected_route,optimal_route,source_event_file
20260705_123702_b-n0026,C:\Users\sende\PycharmProjects\MiniLlama\results\agent_b\model_comparison\01-small-qwen2.5-1.5b\userlm\20260705_123702_b-n0026,C-MPCC-FC-CLEAN-PIP-FWH-BHUGG-DEFAU-SML-I0-acf3050f22-T,completed,text_only,P-acf3050f22,morning_peak_cross_city,focused_commuter,clean,userlm,small2-qwen2.5-1.5b,small,piper,faster_whisper,1,29,satisfied,True,agent_a_closed,True,True,26.0,38.0,26.0,0.0,3,3,4.0,0.0,9.0,1036.73,Bravo (M1 : Alpha) -> Grove (walk: 7 min) -> Harbor,Bravo (M1 : Alpha) -> Grove (walk: 7 min) -> Harbor,C:\Users\sende\PycharmProjects\MiniLlama\results\agent_b\model_comparison\01-small-qwen2.5-1.5b\userlm\20260705_123702_b-n0026\batch-c-mpcc-fc-clean-pip-fwh-bhugg-defau-sml-i0-acf3050f22-t-20260705-123810.jsonl
20260705_123702_b-n0026,C:\Users\sende\PycharmProjects\MiniLlama\results\agent_b\model_comparison\01-small-qwen2.5-1.5b\userlm\20260705_123702_b-n0026,C-MPCC-FC-CLEAN-PIP-FWH-BHUGG-DEFAU-SML-I0-acf3050f22-A,completed,audio_variant,P-acf3050f22,morning_peak_cross_city,focused_commuter,clean,userlm,small2-qwen2.5-1.5b,small,piper,faster_whisper,1,29,satisfied,True,agent_a_closed,True,True,26.0,38.0,26.0,0.0,3,3,4.0,0.0,9.0,521.89,Bravo (M1 : Alpha) -> Grove (walk: 7 min) -> Harbor,Bravo (M1 : Alpha) -> Grove (walk: 7 min) -> Harbor,C:\Users\sende\PycharmProjects\MiniLlama\results\agent_b\model_comparison\01-small-qwen2.5-1.5b\userlm\20260705_123702_b-n0026\batch-c-mpcc-fc-clean-pip-fwh-bhugg-defau-sml-i0-acf3050f22-a-20260705-125724.jsonl
20260705_123702_b-n0026,C:\Users\sende\PycharmProjects\MiniLlama\results\agent_b\model_comparison\01-small-qwen2.5-1.5b\userlm\20260705_123702_b-n0026,C-MPCC-FC-HESIT-PIP-FWH-BHUGG-DEFAU-SML-I0-5142576e57-T,completed,text_only,P-5142576e57,morning_peak_cross_city,focused_commuter,hesitant,userlm,small2-qwen2.5-1.5b,small,piper,faster_whisper,6,42,satisfied,True,agent_a_closed,True,True,31.0,46.0,31.0,0.0,3,3,4.0,0.0,9.0,448.03,"Bravo (T1 : Charlie) -> Delta (T6 : Juliett, Victor) -> Harbor","Bravo (T1 : Charlie) -> Delta (T6 : Juliett, Victor) -> Harbor",C:\Users\sende\PycharmProjects\MiniLlama\results\agent_b\model_comparison\01-small-qwen2.5-1.5b\userlm\20260705_123702_b-n0026\batch-c-mpcc-fc-hesit-pip-fwh-bhugg-defau-sml-i0-5142576e57-t-20260705-130822.jsonl
20260705_123702_b-n0026,C:\Users\sende\PycharmProjects\MiniLlama\results\agent_b\model_comparison\01-small-qwen2.5-1.5b\userlm\20260705_123702_b-n0026,C-MPCC-FC-HESIT-PIP-FWH-BHUGG-DEFAU-SML-I0-5142576e57-A,completed,audio_variant,P-5142576e57,morning_peak_cross_city,focused_commuter,hesitant,userlm,small2-qwen2.5-1.5b,small,piper,faster_whisper,6,42,satisfied,True,agent_a_closed,True,True,31.0,46.0,31.0,0.0,3,3,4.0,0.0,13.0,543.05,"Bravo (T1 : Charlie) -> Delta (T6 : Juliett, Victor) -> Harbor","Bravo (T1 : Charlie) -> Delta (T6 : Juliett, Victor) -> Harbor",C:\Users\sende\PycharmProjects\MiniLlama\results\agent_b\model_comparison\01-small-qwen2.5-1.5b\userlm\20260705_123702_b-n0026\batch-c-mpcc-fc-hesit-pip-fwh-bhugg-defau-sml-i0-5142576e57-a-20260705-131756.jsonl
20260705_123702_b-n0026,C:\Users\sende\PycharmProjects\MiniLlama\results\agent_b\model_comparison\01-small-qwen2.5-1.5b\userlm\20260705_123702_b-n0026,C-MPCC-FC-NS-PIP-FWH-BHUGG-DEFAU-SML-I0-df1b4b45a4-T,completed,text_only,P-df1b4b45a4,morning_peak_cross_city,focused_commuter,noisy_station,userlm,small2-qwen2.5-1.5b,small,piper,faster_whisper,1,42,satisfied,True,agent_a_closed,True,True,31.0,46.0,31.0,0.0,3,3,4.0,0.0,11.0,388.48,"Bravo (T1 : Charlie) -> Delta (T6 : Juliett, Victor) -> Harbor","Bravo (T1 : Charlie) -> Delta (T6 : Juliett, Victor) -> Harbor",C:\Users\sende\PycharmProjects\MiniLlama\results\agent_b\model_comparison\01-small-qwen2.5-1.5b\userlm\20260705_123702_b-n0026\batch-c-mpcc-fc-ns-pip-fwh-bhugg-defau-sml-i0-df1b4b45a4-t-20260705-132910.jsonl
20260705_123702_b-n0026,C:\Users\sende\PycharmProjects\MiniLlama\results\agent_b\model_comparison\01-small-qwen2.5-1.5b\userlm\20260705_123702_b-n0026,C-MPCC-FC-NS-PIP-FWH-BHUGG-DEFAU-SML-I0-df1b4b45a4-A,completed,audio_variant,P-df1b4b45a4,morning_peak_cross_city,focused_commuter,noisy_station,userlm,small2-qwen2.5-1.5b,small,piper,faster_whisper,1,42,satisfied,True,agent_a_closed,True,True,31.0,46.0,31.0,0.0,3,3,4.0,0.0,11.0,543.86,"Bravo (T1 : Charlie) -> Delta (T6 : Juliett, Victor) -> Harbor","Bravo (T1 : Charlie) -> Delta (T6 : Juliett, Victor) -> Harbor",C:\Users\sende\PycharmProjects\MiniLlama\results\agent_b\model_comparison\01-small-qwen2.5-1.5b\userlm\20260705_123702_b-n0026\batch-c-mpcc-fc-ns-pip-fwh-bhugg-defau-sml-i0-df1b4b45a4-a-20260705-133746.jsonl
20260705_123702_b-n0026,C:\Users\sende\PycharmProjects\MiniLlama\results\agent_b\model_comparison\01-small-qwen2.5-1.5b\userlm\20260705_123702_b-n0026,C-MT-DM-CLEAN-PIP-FWH-BHUGG-DEFAU-SML-I0-a6326b76fc-T,completed,text_only,P-a6326b76fc,midday_transfer,distracted_multitasker,clean,userlm,small2-qwen2.5-1.5b,small,piper,faster_whisper,6,29,satisfied,True,agent_a_closed,True,True,40.0,59.0,40.0,0.0,3,3,4.0,0.0,9.0,459.42,"Echo (T1) -> Delta (T6 : Papa, Victor) -> Birch (T1 : Aster) -> Zulu","Echo (T1) -> Delta (T6 : Papa, Victor) -> Birch (T1 : Aster) -> Zulu",C:\Users\sende\PycharmProjects\MiniLlama\results\agent_b\model_comparison\01-small-qwen2.5-1.5b\userlm\20260705_123702_b-n0026\batch-c-mt-dm-clean-pip-fwh-bhugg-defau-sml-i0-a6326b76fc-t-20260705-134907.jsonl
20260705_123702_b-n0026,C:\Users\sende\PycharmProjects\MiniLlama\results\agent_b\model_comparison\01-small-qwen2.5-1.5b\userlm\20260705_123702_b-n0026,C-MT-DM-CLEAN-PIP-FWH-BHUGG-DEFAU-SML-I0-a6326b76fc-A,completed,audio_variant,P-a6326b76fc,midday_transfer,distracted_multitasker,clean,userlm,small2-qwen2.5-1.5b,small,piper,faster_whisper,6,29,satisfied,True,agent_a_closed,True,True,40.0,59.0,40.0,0.0,3,3,4.0,0.0,9.0,580.99,"Echo (T1) -> Delta (T6 : Papa, Victor) -> Birch (T1 : Aster) -> Zulu","Echo (T1) -> Delta (T6 : Papa, Victor) -> Birch (T1 : Aster) -> Zulu",C:\Users\sende\PycharmProjects\MiniLlama\results\agent_b\model_comparison\01-small-qwen2.5-1.5b\userlm\20260705_123702_b-n0026\batch-c-mt-dm-clean-pip-fwh-bhugg-defau-sml-i0-a6326b76fc-a-20260705-135843.jsonl
20260705_123702_b-n0026,C:\Users\sende\PycharmProjects\MiniLlama\results\agent_b\model_comparison\01-small-qwen2.5-1.5b\userlm\20260705_123702_b-n0026,C-MT-DM-HESIT-PIP-FWH-BHUGG-DEFAU-SML-I0-05c07e7d2f-T,completed,text_only,P-05c07e7d2f,midday_transfer,distracted_multitasker,hesitant,userlm,small2-qwen2.5-1.5b,small,piper,faster_whisper,1,42,satisfied,True,agent_a_closed,True,True,28.0,41.0,28.0,0.0,3,3,2.0,0.0,9.0,452.39,Echo (T1) -> India (M3) -> Aster (M1) -> Zulu,Echo (T1) -> India (M3) -> Aster (M1) -> Zulu,C:\Users\sende\PycharmProjects\MiniLlama\results\agent_b\model_comparison\01-small-qwen2.5-1.5b\userlm\20260705_123702_b-n0026\batch-c-mt-dm-hesit-pip-fwh-bhugg-defau-sml-i0-05c07e7d2f-t-20260705-141035.jsonl
20260705_123702_b-n0026,C:\Users\sende\PycharmProjects\MiniLlama\results\agent_b\model_comparison\01-small-qwen2.5-1.5b\userlm\20260705_123702_b-n0026,C-MT-DM-HESIT-PIP-FWH-BHUGG-DEFAU-SML-I0-05c07e7d2f-A,completed,audio_variant,P-05c07e7d2f,midday_transfer,distracted_multitasker,hesitant,userlm,small2-qwen2.5-1.5b,small,piper,faster_whisper,1,42,satisfied,True,agent_a_closed,True,True,28.0,41.0,28.0,0.0,3,3,2.0,0.0,9.0,3197.0,Echo (T1) -> India (M3) -> Aster (M1) -> Zulu,Echo (T1) -> India (M3) -> Aster (M1) -> Zulu,C:\Users\sende\PycharmProjects\MiniLlama\results\agent_b\model_comparison\01-small-qwen2.5-1.5b\userlm\20260705_123702_b-n0026\batch-c-mt-dm-hesit-pip-fwh-bhugg-defau-sml-i0-05c07e7d2f-a-20260705-142012.jsonl
20260705_123702_b-n0026,C:\Users\sende\PycharmProjects\MiniLlama\results\agent_b\model_comparison\01-small-qwen2.5-1.5b\userlm\20260705_123702_b-n0026,C-MT-DM-NS-PIP-FWH-BHUGG-DEFAU-SML-I0-872e51c882-T,completed,text_only,P-872e51c882,midday_transfer,distracted_multitasker,noisy_station,userlm,small2-qwen2.5-1.5b,small,piper,faster_whisper,1,29,satisfied,True,agent_a_closed,True,True,40.0,59.0,40.0,0.0,3,3,4.0,0.0,9.0,462.84,"Echo (T1) -> Delta (T6 : Papa, Victor) -> Birch (T1 : Aster) -> Zulu","Echo (T1) -> Delta (T6 : Papa, Victor) -> Birch (T1 : Aster) -> Zulu",C:\Users\sende\PycharmProjects\MiniLlama\results\agent_b\model_comparison\01-small-qwen2.5-1.5b\userlm\20260705_123702_b-n0026\batch-c-mt-dm-ns-pip-fwh-bhugg-defau-sml-i0-872e51c882-t-20260705-151539.jsonl
20260705_123702_b-n0026,C:\Users\sende\PycharmProjects\MiniLlama\results\agent_b\model_comparison\01-small-qwen2.5-1.5b\userlm\20260705_123702_b-n0026,C-MT-DM-NS-PIP-FWH-BHUGG-DEFAU-SML-I0-872e51c882-A,completed,audio_variant,P-872e51c882,midday_transfer,distracted_multitasker,noisy_station,userlm,small2-qwen2.5-1.5b,small,piper,faster_whisper,1,29,satisfied,True,agent_a_closed,True,True,40.0,59.0,40.0,0.0,3,3,4.0,0.0,9.0,563.92,"Echo (T1) -> Delta (T6 : Papa, Victor) -> Birch (T1 : Aster) -> Zulu","Echo (T1) -> Delta (T6 : Papa, Victor) -> Birch (T1 : Aster) -> Zulu",C:\Users\sende\PycharmProjects\MiniLlama\results\agent_b\model_comparison\01-small-qwen2.5-1.5b\userlm\20260705_123702_b-n0026\batch-c-mt-dm-ns-pip-fwh-bhugg-defau-sml-i0-872e51c882-a-20260705-152519.jsonl
20260705_123702_b-n0026,C:\Users\sende\PycharmProjects\MiniLlama\results\agent_b\model_comparison\01-small-qwen2.5-1.5b\userlm\20260705_123702_b-n0026,C-LE-VP-CLEAN-PIP-FWH-BHUGG-DEFAU-SML-I0-17888f5f01-T,completed,text_only,P-17888f5f01,late_event,verbose_planner,clean,userlm,small2-qwen2.5-1.5b,small,piper,faster_whisper,6,29,satisfied,True,agent_a_closed,True,True,42.0,62.0,42.0,0.0,3,3,5.0,1.0,13.0,494.64,"Kilo (M1 : Juliett) -> India (M3 : Uniform) -> Grove (T1 : Harbor, Ivy) -> Jasper","Kilo (M1 : Juliett, India, Charlie, Bravo, Alpha) -> Grove (T1 : Harbor, Ivy) -> Jasper",C:\Users\sende\PycharmProjects\MiniLlama\results\agent_b\model_comparison\01-small-qwen2.5-1.5b\userlm\20260705_123702_b-n0026\batch-c-le-vp-clean-pip-fwh-bhugg-defau-sml-i0-17888f5f01-t-20260705-153649.jsonl
20260705_123702_b-n0026,C:\Users\sende\PycharmProjects\MiniLlama\results\agent_b\model_comparison\01-small-qwen2.5-1.5b\userlm\20260705_123702_b-n0026,C-LE-VP-CLEAN-PIP-FWH-BHUGG-DEFAU-SML-I0-17888f5f01-A,completed,audio_variant,P-17888f5f01,late_event,verbose_planner,clean,userlm,small2-qwen2.5-1.5b,small,piper,faster_whisper,6,29,satisfied,True,agent_a_closed,True,True,42.0,62.0,42.0,0.0,3,3,4.0,0.0,9.0,568.03,"Kilo (M1 : Juliett, India, Charlie, Bravo, Alpha) -> Grove (T1 : Harbor, Ivy) -> Jasper","Kilo (M1 : Juliett, India, Charlie, Bravo, Alpha) -> Grove (T1 : Harbor, Ivy) -> Jasper",C:\Users\sende\PycharmProjects\MiniLlama\results\agent_b\model_comparison\01-small-qwen2.5-1.5b\userlm\20260705_123702_b-n0026\batch-c-le-vp-clean-pip-fwh-bhugg-defau-sml-i0-17888f5f01-a-20260705-154707.jsonl
20260705_123702_b-n0026,C:\Users\sende\PycharmProjects\MiniLlama\results\agent_b\model_comparison\01-small-qwen2.5-1.5b\userlm\20260705_123702_b-n0026,C-LE-VP-HESIT-PIP-FWH-BHUGG-DEFAU-SML-I0-358a27ba05-T,completed,text_only,P-358a27ba05,late_event,verbose_planner,hesitant,userlm,small2-qwen2.5-1.5b,small,piper,faster_whisper,1,29,satisfied,True,agent_a_closed,True,True,42.0,62.0,42.0,0.0,3,3,4.0,0.0,9.0,451.14,"Kilo (M1 : Juliett, India, Charlie, Bravo, Alpha) -> Grove (T1 : Harbor, Ivy) -> Jasper","Kilo (M1 : Juliett, India, Charlie, Bravo, Alpha) -> Grove (T1 : Harbor, Ivy) -> Jasper",C:\Users\sende\PycharmProjects\MiniLlama\results\agent_b\model_comparison\01-small-qwen2.5-1.5b\userlm\20260705_123702_b-n0026\batch-c-le-vp-hesit-pip-fwh-bhugg-defau-sml-i0-358a27ba05-t-20260705-155844.jsonl
20260705_123702_b-n0026,C:\Users\sende\PycharmProjects\MiniLlama\results\agent_b\model_comparison\01-small-qwen2.5-1.5b\userlm\20260705_123702_b-n0026,C-LE-VP-HESIT-PIP-FWH-BHUGG-DEFAU-SML-I0-358a27ba05-A,completed,audio_variant,P-358a27ba05,late_event,verbose_planner,hesitant,userlm,small2-qwen2.5-1.5b,small,piper,faster_whisper,1,29,satisfied,True,agent_a_closed,True,True,42.0,62.0,42.0,0.0,3,3,4.0,0.0,9.0,1593.77,"Kilo (M1 : Juliett, India, Charlie, Bravo, Alpha) -> Grove (T1 : Harbor, Ivy) -> Jasper","Kilo (M1 : Juliett, India, Charlie, Bravo, Alpha) -> Grove (T1 : Harbor, Ivy) -> Jasper",C:\Users\sende\PycharmProjects\MiniLlama\results\agent_b\model_comparison\01-small-qwen2.5-1.5b\userlm\20260705_123702_b-n0026\batch-c-le-vp-hesit-pip-fwh-bhugg-defau-sml-i0-358a27ba05-a-20260705-160823.jsonl
20260705_123702_b-n0026,C:\Users\sende\PycharmProjects\MiniLlama\results\agent_b\model_comparison\01-small-qwen2.5-1.5b\userlm\20260705_123702_b-n0026,C-LE-VP-NS-PIP-FWH-BHUGG-DEFAU-SML-I0-a3a37ceb21-T,completed,text_only,P-a3a37ceb21,late_event,verbose_planner,noisy_station,userlm,small2-qwen2.5-1.5b,small,piper,faster_whisper,6,42,satisfied,True,agent_a_closed,True,True,34.0,50.0,34.0,0.0,3,3,4.0,0.0,9.0,453.27,"Kilo (T1 : Juliett) -> India (M1 : Hotel, Golf, Foxtrot) -> Jasper","Kilo (B1 : Hotel, Golf) -> Foxtrot (M1) -> Jasper",C:\Users\sende\PycharmProjects\MiniLlama\results\agent_b\model_comparison\01-small-qwen2.5-1.5b\userlm\20260705_123702_b-n0026\batch-c-le-vp-ns-pip-fwh-bhugg-defau-sml-i0-a3a37ceb21-t-20260705-163717.jsonl
20260705_123702_b-n0026,C:\Users\sende\PycharmProjects\MiniLlama\results\agent_b\model_comparison\01-small-qwen2.5-1.5b\userlm\20260705_123702_b-n0026,C-LE-VP-NS-PIP-FWH-BHUGG-DEFAU-SML-I0-a3a37ceb21-A,interrupted,audio_variant,P-a3a37ceb21,late_event,verbose_planner,noisy_station,userlm,small2-qwen2.5-1.5b,small,piper,faster_whisper,6,42,,,,,,,,,,,,,,,,,,C:\Users\sende\PycharmProjects\MiniLlama\results\agent_b\model_comparison\01-small-qwen2.5-1.5b\userlm\20260705_123702_b-n0026\batch-c-le-vp-ns-pip-fwh-bhugg-defau-sml-i0-a3a37ceb21-a-20260705-164655.jsonl
20260705_123702_b-n0026,C:\Users\sende\PycharmProjects\MiniLlama\results\agent_b\model_comparison\01-small-qwen2.5-1.5b\userlm\20260705_123702_b-n0026,C-AC-DST-CLEAN-PIP-FWH-BHUGG-DEFAU-SML-I0-27a67f3c69-T,not_started,text_only,P-27a67f3c69,airport_connection,delay_sensitive_traveler,clean,userlm,small2-qwen2.5-1.5b,small,piper,faster_whisper,1,42,,,,,,,,,,,,,,,,,,
20260705_123702_b-n0026,C:\Users\sende\PycharmProjects\MiniLlama\results\agent_b\model_comparison\01-small-qwen2.5-1.5b\userlm\20260705_123702_b-n0026,C-AC-DST-CLEAN-PIP-FWH-BHUGG-DEFAU-SML-I0-27a67f3c69-A,not_started,audio_variant,P-27a67f3c69,airport_connection,delay_sensitive_traveler,clean,userlm,small2-qwen2.5-1.5b,small,piper,faster_whisper,1,42,,,,,,,,,,,,,,,,,,
20260705_123702_b-n0026,C:\Users\sende\PycharmProjects\MiniLlama\results\agent_b\model_comparison\01-small-qwen2.5-1.5b\userlm\20260705_123702_b-n0026,C-AC-DST-HESIT-PIP-FWH-BHUGG-DEFAU-SML-I0-82a1c5b6d7-T,not_started,text_only,P-82a1c5b6d7,airport_connection,delay_sensitive_traveler,hesitant,userlm,small2-qwen2.5-1.5b,small,piper,faster_whisper,6,29,,,,,,,,,,,,,,,,,,
20260705_123702_b-n0026,C:\Users\sende\PycharmProjects\MiniLlama\results\agent_b\model_comparison\01-small-qwen2.5-1.5b\userlm\20260705_123702_b-n0026,C-AC-DST-HESIT-PIP-FWH-BHUGG-DEFAU-SML-I0-82a1c5b6d7-A,not_started,audio_variant,P-82a1c5b6d7,airport_connection,delay_sensitive_traveler,hesitant,userlm,small2-qwen2.5-1.5b,small,piper,faster_whisper,6,29,,,,,,,,,,,,,,,,,,
20260705_123702_b-n0026,C:\Users\sende\PycharmProjects\MiniLlama\results\agent_b\model_comparison\01-small-qwen2.5-1.5b\userlm\20260705_123702_b-n0026,C-AC-DST-NS-PIP-FWH-BHUGG-DEFAU-SML-I0-6540b5893e-T,not_started,text_only,P-6540b5893e,airport_connection,delay_sensitive_traveler,noisy_station,userlm,small2-qwen2.5-1.5b,small,piper,faster_whisper,1,29,,,,,,,,,,,,,,,,,,
20260705_123702_b-n0026,C:\Users\sende\PycharmProjects\MiniLlama\results\agent_b\model_comparison\01-small-qwen2.5-1.5b\userlm\20260705_123702_b-n0026,C-AC-DST-NS-PIP-FWH-BHUGG-DEFAU-SML-I0-6540b5893e-A,not_started,audio_variant,P-6540b5893e,airport_connection,delay_sensitive_traveler,noisy_station,userlm,small2-qwen2.5-1.5b,small,piper,faster_whisper,1,29,,,,,,,,,,,,,,,,,,
20260705_123702_b-n0026,C:\Users\sende\PycharmProjects\MiniLlama\results\agent_b\model_comparison\01-small-qwen2.5-1.5b\userlm\20260705_123702_b-n0026,C-MT-DM-CLEAN-PIP-FWH-BHUGG-DEFAU-SML-I0-d3e8f4af91-T,not_started,text_only,P-d3e8f4af91,midday_transfer,distracted_multitasker,clean,userlm,small2-qwen2.5-1.5b,small,piper,faster_whisper,1,29,,,,,,,,,,,,,,,,,,
20260705_123702_b-n0026,C:\Users\sende\PycharmProjects\MiniLlama\results\agent_b\model_comparison\01-small-qwen2.5-1.5b\userlm\20260705_123702_b-n0026,C-MT-DM-CLEAN-PIP-FWH-BHUGG-DEFAU-SML-I0-d3e8f4af91-A,not_started,audio_variant,P-d3e8f4af91,midday_transfer,distracted_multitasker,clean,userlm,small2-qwen2.5-1.5b,small,piper,faster_whisper,1,29,,,,,,,,,,,,,,,,,,
20260706_052055_b-n0026,C:\Users\sende\PycharmProjects\MiniLlama\results\agent_b\model_comparison\01-small-qwen2.5-1.5b\userlm\20260706_052055_b-n0026,C-MPCC-FC-CLEAN-PIP-FWH-BHUGG-DEFAU-SML-I0-acf3050f22-T,not_started,text_only,P-acf3050f22,morning_peak_cross_city,focused_commuter,clean,userlm,small2-qwen2.5-1.5b,small,piper,faster_whisper,1,29,,,,,,,,,,,,,,,,,,
20260706_052055_b-n0026,C:\Users\sende\PycharmProjects\MiniLlama\results\agent_b\model_comparison\01-small-qwen2.5-1.5b\userlm\20260706_052055_b-n0026,C-MPCC-FC-CLEAN-PIP-FWH-BHUGG-DEFAU-SML-I0-acf3050f22-A,not_started,audio_variant,P-acf3050f22,morning_peak_cross_city,focused_commuter,clean,userlm,small2-qwen2.5-1.5b,small,piper,faster_whisper,1,29,,,,,,,,,,,,,,,,,,
20260706_052055_b-n0026,C:\Users\sende\PycharmProjects\MiniLlama\results\agent_b\model_comparison\01-small-qwen2.5-1.5b\userlm\20260706_052055_b-n0026,C-MPCC-FC-HESIT-PIP-FWH-BHUGG-DEFAU-SML-I0-5142576e57-T,not_started,text_only,P-5142576e57,morning_peak_cross_city,focused_commuter,hesitant,userlm,small2-qwen2.5-1.5b,small,piper,faster_whisper,6,42,,,,,,,,,,,,,,,,,,
20260706_052055_b-n0026,C:\Users\sende\PycharmProjects\MiniLlama\results\agent_b\model_comparison\01-small-qwen2.5-1.5b\userlm\20260706_052055_b-n0026,C-MPCC-FC-HESIT-PIP-FWH-BHUGG-DEFAU-SML-I0-5142576e57-A,not_started,audio_variant,P-5142576e57,morning_peak_cross_city,focused_commuter,hesitant,userlm,small2-qwen2.5-1.5b,small,piper,faster_whisper,6,42,,,,,,,,,,,,,,,,,,
20260706_052055_b-n0026,C:\Users\sende\PycharmProjects\MiniLlama\results\agent_b\model_comparison\01-small-qwen2.5-1.5b\userlm\20260706_052055_b-n0026,C-MPCC-FC-NS-PIP-FWH-BHUGG-DEFAU-SML-I0-df1b4b45a4-T,not_started,text_only,P-df1b4b45a4,morning_peak_cross_city,focused_commuter,noisy_station,userlm,small2-qwen2.5-1.5b,small,piper,faster_whisper,1,42,,,,,,,,,,,,,,,,,,
20260706_052055_b-n0026,C:\Users\sende\PycharmProjects\MiniLlama\results\agent_b\model_comparison\01-small-qwen2.5-1.5b\userlm\20260706_052055_b-n0026,C-MPCC-FC-NS-PIP-FWH-BHUGG-DEFAU-SML-I0-df1b4b45a4-A,not_started,audio_variant,P-df1b4b45a4,morning_peak_cross_city,focused_commuter,noisy_station,userlm,small2-qwen2.5-1.5b,small,piper,faster_whisper,1,42,,,,,,,,,,,,,,,,,,
20260706_052055_b-n0026,C:\Users\sende\PycharmProjects\MiniLlama\results\agent_b\model_comparison\01-small-qwen2.5-1.5b\userlm\20260706_052055_b-n0026,C-MT-DM-CLEAN-PIP-FWH-BHUGG-DEFAU-SML-I0-a6326b76fc-T,not_started,text_only,P-a6326b76fc,midday_transfer,distracted_multitasker,clean,userlm,small2-qwen2.5-1.5b,small,piper,faster_whisper,6,29,,,,,,,,,,,,,,,,,,
20260706_052055_b-n0026,C:\Users\sende\PycharmProjects\MiniLlama\results\agent_b\model_comparison\01-small-qwen2.5-1.5b\userlm\20260706_052055_b-n0026,C-MT-DM-CLEAN-PIP-FWH-BHUGG-DEFAU-SML-I0-a6326b76fc-A,not_started,audio_variant,P-a6326b76fc,midday_transfer,distracted_multitasker,clean,userlm,small2-qwen2.5-1.5b,small,piper,faster_whisper,6,29,,,,,,,,,,,,,,,,,,
20260706_052055_b-n0026,C:\Users\sende\PycharmProjects\MiniLlama\results\agent_b\model_comparison\01-small-qwen2.5-1.5b\userlm\20260706_052055_b-n0026,C-MT-DM-HESIT-PIP-FWH-BHUGG-DEFAU-SML-I0-05c07e7d2f-T,not_started,text_only,P-05c07e7d2f,midday_transfer,distracted_multitasker,hesitant,userlm,small2-qwen2.5-1.5b,small,piper,faster_whisper,1,42,,,,,,,,,,,,,,,,,,
20260706_052055_b-n0026,C:\Users\sende\PycharmProjects\MiniLlama\results\agent_b\model_comparison\01-small-qwen2.5-1.5b\userlm\20260706_052055_b-n0026,C-MT-DM-HESIT-PIP-FWH-BHUGG-DEFAU-SML-I0-05c07e7d2f-A,not_started,audio_variant,P-05c07e7d2f,midday_transfer,distracted_multitasker,hesitant,userlm,small2-qwen2.5-1.5b,small,piper,faster_whisper,1,42,,,,,,,,,,,,,,,,,,
20260706_052055_b-n0026,C:\Users\sende\PycharmProjects\MiniLlama\results\agent_b\model_comparison\01-small-qwen2.5-1.5b\userlm\20260706_052055_b-n0026,C-MT-DM-NS-PIP-FWH-BHUGG-DEFAU-SML-I0-872e51c882-T,not_started,text_only,P-872e51c882,midday_transfer,distracted_multitasker,noisy_station,userlm,small2-qwen2.5-1.5b,small,piper,faster_whisper,1,29,,,,,,,,,,,,,,,,,,
20260706_052055_b-n0026,C:\Users\sende\PycharmProjects\MiniLlama\results\agent_b\model_comparison\01-small-qwen2.5-1.5b\userlm\20260706_052055_b-n0026,C-MT-DM-NS-PIP-FWH-BHUGG-DEFAU-SML-I0-872e51c882-A,not_started,audio_variant,P-872e51c882,midday_transfer,distracted_multitasker,noisy_station,userlm,small2-qwen2.5-1.5b,small,piper,faster_whisper,1,29,,,,,,,,,,,,,,,,,,
20260706_052055_b-n0026,C:\Users\sende\PycharmProjects\MiniLlama\results\agent_b\model_comparison\01-small-qwen2.5-1.5b\userlm\20260706_052055_b-n0026,C-LE-VP-CLEAN-PIP-FWH-BHUGG-DEFAU-SML-I0-17888f5f01-T,not_started,text_only,P-17888f5f01,late_event,verbose_planner,clean,userlm,small2-qwen2.5-1.5b,small,piper,faster_whisper,6,29,,,,,,,,,,,,,,,,,,
20260706_052055_b-n0026,C:\Users\sende\PycharmProjects\MiniLlama\results\agent_b\model_comparison\01-small-qwen2.5-1.5b\userlm\20260706_052055_b-n0026,C-LE-VP-CLEAN-PIP-FWH-BHUGG-DEFAU-SML-I0-17888f5f01-A,not_started,audio_variant,P-17888f5f01,late_event,verbose_planner,clean,userlm,small2-qwen2.5-1.5b,small,piper,faster_whisper,6,29,,,,,,,,,,,,,,,,,,
20260706_052055_b-n0026,C:\Users\sende\PycharmProjects\MiniLlama\results\agent_b\model_comparison\01-small-qwen2.5-1.5b\userlm\20260706_052055_b-n0026,C-LE-VP-HESIT-PIP-FWH-BHUGG-DEFAU-SML-I0-358a27ba05-T,not_started,text_only,P-358a27ba05,late_event,verbose_planner,hesitant,userlm,small2-qwen2.5-1.5b,small,piper,faster_whisper,1,29,,,,,,,,,,,,,,,,,,
20260706_052055_b-n0026,C:\Users\sende\PycharmProjects\MiniLlama\results\agent_b\model_comparison\01-small-qwen2.5-1.5b\userlm\20260706_052055_b-n0026,C-LE-VP-HESIT-PIP-FWH-BHUGG-DEFAU-SML-I0-358a27ba05-A,not_started,audio_variant,P-358a27ba05,late_event,verbose_planner,hesitant,userlm,small2-qwen2.5-1.5b,small,piper,faster_whisper,1,29,,,,,,,,,,,,,,,,,,
20260706_052055_b-n0026,C:\Users\sende\PycharmProjects\MiniLlama\results\agent_b\model_comparison\01-small-qwen2.5-1.5b\userlm\20260706_052055_b-n0026,C-LE-VP-NS-PIP-FWH-BHUGG-DEFAU-SML-I0-a3a37ceb21-T,not_started,text_only,P-a3a37ceb21,late_event,verbose_planner,noisy_station,userlm,small2-qwen2.5-1.5b,small,piper,faster_whisper,6,42,,,,,,,,,,,,,,,,,,
20260706_052055_b-n0026,C:\Users\sende\PycharmProjects\MiniLlama\results\agent_b\model_comparison\01-small-qwen2.5-1.5b\userlm\20260706_052055_b-n0026,C-LE-VP-NS-PIP-FWH-BHUGG-DEFAU-SML-I0-a3a37ceb21-A,not_started,audio_variant,P-a3a37ceb21,late_event,verbose_planner,noisy_station,userlm,small2-qwen2.5-1.5b,small,piper,faster_whisper,6,42,,,,,,,,,,,,,,,,,,
20260706_052055_b-n0026,C:\Users\sende\PycharmProjects\MiniLlama\results\agent_b\model_comparison\01-small-qwen2.5-1.5b\userlm\20260706_052055_b-n0026,C-AC-DST-CLEAN-PIP-FWH-BHUGG-DEFAU-SML-I0-27a67f3c69-T,not_started,text_only,P-27a67f3c69,airport_connection,delay_sensitive_traveler,clean,userlm,small2-qwen2.5-1.5b,small,piper,faster_whisper,1,42,,,,,,,,,,,,,,,,,,
20260706_052055_b-n0026,C:\Users\sende\PycharmProjects\MiniLlama\results\agent_b\model_comparison\01-small-qwen2.5-1.5b\userlm\20260706_052055_b-n0026,C-AC-DST-CLEAN-PIP-FWH-BHUGG-DEFAU-SML-I0-27a67f3c69-A,not_started,audio_variant,P-27a67f3c69,airport_connection,delay_sensitive_traveler,clean,userlm,small2-qwen2.5-1.5b,small,piper,faster_whisper,1,42,,,,,,,,,,,,,,,,,,
20260706_052055_b-n0026,C:\Users\sende\PycharmProjects\MiniLlama\results\agent_b\model_comparison\01-small-qwen2.5-1.5b\userlm\20260706_052055_b-n0026,C-AC-DST-HESIT-PIP-FWH-BHUGG-DEFAU-SML-I0-82a1c5b6d7-T,not_started,text_only,P-82a1c5b6d7,airport_connection,delay_sensitive_traveler,hesitant,userlm,small2-qwen2.5-1.5b,small,piper,faster_whisper,6,29,,,,,,,,,,,,,,,,,,
20260706_052055_b-n0026,C:\Users\sende\PycharmProjects\MiniLlama\results\agent_b\model_comparison\01-small-qwen2.5-1.5b\userlm\20260706_052055_b-n0026,C-AC-DST-HESIT-PIP-FWH-BHUGG-DEFAU-SML-I0-82a1c5b6d7-A,not_started,audio_variant,P-82a1c5b6d7,airport_connection,delay_sensitive_traveler,hesitant,userlm,small2-qwen2.5-1.5b,small,piper,faster_whisper,6,29,,,,,,,,,,,,,,,,,,
20260706_052055_b-n0026,C:\Users\sende\PycharmProjects\MiniLlama\results\agent_b\model_comparison\01-small-qwen2.5-1.5b\userlm\20260706_052055_b-n0026,C-AC-DST-NS-PIP-FWH-BHUGG-DEFAU-SML-I0-6540b5893e-T,not_started,text_only,P-6540b5893e,airport_connection,delay_sensitive_traveler,noisy_station,userlm,small2-qwen2.5-1.5b,small,piper,faster_whisper,1,29,,,,,,,,,,,,,,,,,,
20260706_052055_b-n0026,C:\Users\sende\PycharmProjects\MiniLlama\results\agent_b\model_comparison\01-small-qwen2.5-1.5b\userlm\20260706_052055_b-n0026,C-AC-DST-NS-PIP-FWH-BHUGG-DEFAU-SML-I0-6540b5893e-A,not_started,audio_variant,P-6540b5893e,airport_connection,delay_sensitive_traveler,noisy_station,userlm,small2-qwen2.5-1.5b,small,piper,faster_whisper,1,29,,,,,,,,,,,,,,,,,,
20260706_052055_b-n0026,C:\Users\sende\PycharmProjects\MiniLlama\results\agent_b\model_comparison\01-small-qwen2.5-1.5b\userlm\20260706_052055_b-n0026,C-MT-DM-CLEAN-PIP-FWH-BHUGG-DEFAU-SML-I0-d3e8f4af91-T,not_started,text_only,P-d3e8f4af91,midday_transfer,distracted_multitasker,clean,userlm,small2-qwen2.5-1.5b,small,piper,faster_whisper,1,29,,,,,,,,,,,,,,,,,,
20260706_052055_b-n0026,C:\Users\sende\PycharmProjects\MiniLlama\results\agent_b\model_comparison\01-small-qwen2.5-1.5b\userlm\20260706_052055_b-n0026,C-MT-DM-CLEAN-PIP-FWH-BHUGG-DEFAU-SML-I0-d3e8f4af91-A,not_started,audio_variant,P-d3e8f4af91,midday_transfer,distracted_multitasker,clean,userlm,small2-qwen2.5-1.5b,small,piper,faster_whisper,1,29,,,,,,,,,,,,,,,,,,
20260706_052215_b-n0026,C:\Users\sende\PycharmProjects\MiniLlama\results\agent_b\model_comparison\02-medium-phi3-mini\userlm\20260706_052215_b-n0026,C-MPCC-FC-CLEAN-PIP-FWH-BHUGG-DEFAU-MED-I0-4a5d36aaab-T,not_started,text_only,P-4a5d36aaab,morning_peak_cross_city,focused_commuter,clean,userlm,mid2-phi3-mini,medium,piper,faster_whisper,1,29,,,,,,,,,,,,,,,,,,
20260706_052215_b-n0026,C:\Users\sende\PycharmProjects\MiniLlama\results\agent_b\model_comparison\02-medium-phi3-mini\userlm\20260706_052215_b-n0026,C-MPCC-FC-CLEAN-PIP-FWH-BHUGG-DEFAU-MED-I0-4a5d36aaab-A,not_started,audio_variant,P-4a5d36aaab,morning_peak_cross_city,focused_commuter,clean,userlm,mid2-phi3-mini,medium,piper,faster_whisper,1,29,,,,,,,,,,,,,,,,,,
20260706_052215_b-n0026,C:\Users\sende\PycharmProjects\MiniLlama\results\agent_b\model_comparison\02-medium-phi3-mini\userlm\20260706_052215_b-n0026,C-MPCC-FC-HESIT-PIP-FWH-BHUGG-DEFAU-MED-I0-c0ea49855d-T,not_started,text_only,P-c0ea49855d,morning_peak_cross_city,focused_commuter,hesitant,userlm,mid2-phi3-mini,medium,piper,faster_whisper,6,42,,,,,,,,,,,,,,,,,,
20260706_052215_b-n0026,C:\Users\sende\PycharmProjects\MiniLlama\results\agent_b\model_comparison\02-medium-phi3-mini\userlm\20260706_052215_b-n0026,C-MPCC-FC-HESIT-PIP-FWH-BHUGG-DEFAU-MED-I0-c0ea49855d-A,not_started,audio_variant,P-c0ea49855d,morning_peak_cross_city,focused_commuter,hesitant,userlm,mid2-phi3-mini,medium,piper,faster_whisper,6,42,,,,,,,,,,,,,,,,,,
20260706_052215_b-n0026,C:\Users\sende\PycharmProjects\MiniLlama\results\agent_b\model_comparison\02-medium-phi3-mini\userlm\20260706_052215_b-n0026,C-MPCC-FC-NS-PIP-FWH-BHUGG-DEFAU-MED-I0-2c17976def-T,not_started,text_only,P-2c17976def,morning_peak_cross_city,focused_commuter,noisy_station,userlm,mid2-phi3-mini,medium,piper,faster_whisper,1,42,,,,,,,,,,,,,,,,,,
20260706_052215_b-n0026,C:\Users\sende\PycharmProjects\MiniLlama\results\agent_b\model_comparison\02-medium-phi3-mini\userlm\20260706_052215_b-n0026,C-MPCC-FC-NS-PIP-FWH-BHUGG-DEFAU-MED-I0-2c17976def-A,not_started,audio_variant,P-2c17976def,morning_peak_cross_city,focused_commuter,noisy_station,userlm,mid2-phi3-mini,medium,piper,faster_whisper,1,42,,,,,,,,,,,,,,,,,,
20260706_052215_b-n0026,C:\Users\sende\PycharmProjects\MiniLlama\results\agent_b\model_comparison\02-medium-phi3-mini\userlm\20260706_052215_b-n0026,C-MT-DM-CLEAN-PIP-FWH-BHUGG-DEFAU-MED-I0-620f28c5be-T,not_started,text_only,P-620f28c5be,midday_transfer,distracted_multitasker,clean,userlm,mid2-phi3-mini,medium,piper,faster_whisper,6,29,,,,,,,,,,,,,,,,,,
20260706_052215_b-n0026,C:\Users\sende\PycharmProjects\MiniLlama\results\agent_b\model_comparison\02-medium-phi3-mini\userlm\20260706_052215_b-n0026,C-MT-DM-CLEAN-PIP-FWH-BHUGG-DEFAU-MED-I0-620f28c5be-A,not_started,audio_variant,P-620f28c5be,midday_transfer,distracted_multitasker,clean,userlm,mid2-phi3-mini,medium,piper,faster_whisper,6,29,,,,,,,,,,,,,,,,,,
20260706_052215_b-n0026,C:\Users\sende\PycharmProjects\MiniLlama\results\agent_b\model_comparison\02-medium-phi3-mini\userlm\20260706_052215_b-n0026,C-MT-DM-HESIT-PIP-FWH-BHUGG-DEFAU-MED-I0-2127dc66ed-T,not_started,text_only,P-2127dc66ed,midday_transfer,distracted_multitasker,hesitant,userlm,mid2-phi3-mini,medium,piper,faster_whisper,1,42,,,,,,,,,,,,,,,,,,
20260706_052215_b-n0026,C:\Users\sende\PycharmProjects\MiniLlama\results\agent_b\model_comparison\02-medium-phi3-mini\userlm\20260706_052215_b-n0026,C-MT-DM-HESIT-PIP-FWH-BHUGG-DEFAU-MED-I0-2127dc66ed-A,not_started,audio_variant,P-2127dc66ed,midday_transfer,distracted_multitasker,hesitant,userlm,mid2-phi3-mini,medium,piper,faster_whisper,1,42,,,,,,,,,,,,,,,,,,
20260706_052215_b-n0026,C:\Users\sende\PycharmProjects\MiniLlama\results\agent_b\model_comparison\02-medium-phi3-mini\userlm\20260706_052215_b-n0026,C-MT-DM-NS-PIP-FWH-BHUGG-DEFAU-MED-I0-bd6e8b1dc3-T,not_started,text_only,P-bd6e8b1dc3,midday_transfer,distracted_multitasker,noisy_station,userlm,mid2-phi3-mini,medium,piper,faster_whisper,1,29,,,,,,,,,,,,,,,,,,
20260706_052215_b-n0026,C:\Users\sende\PycharmProjects\MiniLlama\results\agent_b\model_comparison\02-medium-phi3-mini\userlm\20260706_052215_b-n0026,C-MT-DM-NS-PIP-FWH-BHUGG-DEFAU-MED-I0-bd6e8b1dc3-A,not_started,audio_variant,P-bd6e8b1dc3,midday_transfer,distracted_multitasker,noisy_station,userlm,mid2-phi3-mini,medium,piper,faster_whisper,1,29,,,,,,,,,,,,,,,,,,
20260706_052215_b-n0026,C:\Users\sende\PycharmProjects\MiniLlama\results\agent_b\model_comparison\02-medium-phi3-mini\userlm\20260706_052215_b-n0026,C-LE-VP-CLEAN-PIP-FWH-BHUGG-DEFAU-MED-I0-d71353e8b9-T,not_started,text_only,P-d71353e8b9,late_event,verbose_planner,clean,userlm,mid2-phi3-mini,medium,piper,faster_whisper,6,29,,,,,,,,,,,,,,,,,,
20260706_052215_b-n0026,C:\Users\sende\PycharmProjects\MiniLlama\results\agent_b\model_comparison\02-medium-phi3-mini\userlm\20260706_052215_b-n0026,C-LE-VP-CLEAN-PIP-FWH-BHUGG-DEFAU-MED-I0-d71353e8b9-A,not_started,audio_variant,P-d71353e8b9,late_event,verbose_planner,clean,userlm,mid2-phi3-mini,medium,piper,faster_whisper,6,29,,,,,,,,,,,,,,,,,,
20260706_052215_b-n0026,C:\Users\sende\PycharmProjects\MiniLlama\results\agent_b\model_comparison\02-medium-phi3-mini\userlm\20260706_052215_b-n0026,C-LE-VP-HESIT-PIP-FWH-BHUGG-DEFAU-MED-I0-77e69441de-T,not_started,text_only,P-77e69441de,late_event,verbose_planner,hesitant,userlm,mid2-phi3-mini,medium,piper,faster_whisper,1,29,,,,,,,,,,,,,,,,,,
20260706_052215_b-n0026,C:\Users\sende\PycharmProjects\MiniLlama\results\agent_b\model_comparison\02-medium-phi3-mini\userlm\20260706_052215_b-n0026,C-LE-VP-HESIT-PIP-FWH-BHUGG-DEFAU-MED-I0-77e69441de-A,not_started,audio_variant,P-77e69441de,late_event,verbose_planner,hesitant,userlm,mid2-phi3-mini,medium,piper,faster_whisper,1,29,,,,,,,,,,,,,,,,,,
20260706_052215_b-n0026,C:\Users\sende\PycharmProjects\MiniLlama\results\agent_b\model_comparison\02-medium-phi3-mini\userlm\20260706_052215_b-n0026,C-LE-VP-NS-PIP-FWH-BHUGG-DEFAU-MED-I0-2b72ce1d6c-T,not_started,text_only,P-2b72ce1d6c,late_event,verbose_planner,noisy_station,userlm,mid2-phi3-mini,medium,piper,faster_whisper,6,42,,,,,,,,,,,,,,,,,,
20260706_052215_b-n0026,C:\Users\sende\PycharmProjects\MiniLlama\results\agent_b\model_comparison\02-medium-phi3-mini\userlm\20260706_052215_b-n0026,C-LE-VP-NS-PIP-FWH-BHUGG-DEFAU-MED-I0-2b72ce1d6c-A,not_started,audio_variant,P-2b72ce1d6c,late_event,verbose_planner,noisy_station,userlm,mid2-phi3-mini,medium,piper,faster_whisper,6,42,,,,,,,,,,,,,,,,,,
20260706_052215_b-n0026,C:\Users\sende\PycharmProjects\MiniLlama\results\agent_b\model_comparison\02-medium-phi3-mini\userlm\20260706_052215_b-n0026,C-AC-DST-CLEAN-PIP-FWH-BHUGG-DEFAU-MED-I0-f57299bd34-T,not_started,text_only,P-f57299bd34,airport_connection,delay_sensitive_traveler,clean,userlm,mid2-phi3-mini,medium,piper,faster_whisper,1,42,,,,,,,,,,,,,,,,,,
20260706_052215_b-n0026,C:\Users\sende\PycharmProjects\MiniLlama\results\agent_b\model_comparison\02-medium-phi3-mini\userlm\20260706_052215_b-n0026,C-AC-DST-CLEAN-PIP-FWH-BHUGG-DEFAU-MED-I0-f57299bd34-A,not_started,audio_variant,P-f57299bd34,airport_connection,delay_sensitive_traveler,clean,userlm,mid2-phi3-mini,medium,piper,faster_whisper,1,42,,,,,,,,,,,,,,,,,,
20260706_052215_b-n0026,C:\Users\sende\PycharmProjects\MiniLlama\results\agent_b\model_comparison\02-medium-phi3-mini\userlm\20260706_052215_b-n0026,C-AC-DST-HESIT-PIP-FWH-BHUGG-DEFAU-MED-I0-380a80aa75-T,not_started,text_only,P-380a80aa75,airport_connection,delay_sensitive_traveler,hesitant,userlm,mid2-phi3-mini,medium,piper,faster_whisper,6,29,,,,,,,,,,,,,,,,,,
20260706_052215_b-n0026,C:\Users\sende\PycharmProjects\MiniLlama\results\agent_b\model_comparison\02-medium-phi3-mini\userlm\20260706_052215_b-n0026,C-AC-DST-HESIT-PIP-FWH-BHUGG-DEFAU-MED-I0-380a80aa75-A,not_started,audio_variant,P-380a80aa75,airport_connection,delay_sensitive_traveler,hesitant,userlm,mid2-phi3-mini,medium,piper,faster_whisper,6,29,,,,,,,,,,,,,,,,,,
20260706_052215_b-n0026,C:\Users\sende\PycharmProjects\MiniLlama\results\agent_b\model_comparison\02-medium-phi3-mini\userlm\20260706_052215_b-n0026,C-AC-DST-NS-PIP-FWH-BHUGG-DEFAU-MED-I0-355d5698cb-T,not_started,text_only,P-355d5698cb,airport_connection,delay_sensitive_traveler,noisy_station,userlm,mid2-phi3-mini,medium,piper,faster_whisper,1,29,,,,,,,,,,,,,,,,,,
20260706_052215_b-n0026,C:\Users\sende\PycharmProjects\MiniLlama\results\agent_b\model_comparison\02-medium-phi3-mini\userlm\20260706_052215_b-n0026,C-AC-DST-NS-PIP-FWH-BHUGG-DEFAU-MED-I0-355d5698cb-A,not_started,audio_variant,P-355d5698cb,airport_connection,delay_sensitive_traveler,noisy_station,userlm,mid2-phi3-mini,medium,piper,faster_whisper,1,29,,,,,,,,,,,,,,,,,,
20260706_052215_b-n0026,C:\Users\sende\PycharmProjects\MiniLlama\results\agent_b\model_comparison\02-medium-phi3-mini\userlm\20260706_052215_b-n0026,C-MT-DM-CLEAN-PIP-FWH-BHUGG-DEFAU-MED-I0-8569e91509-T,not_started,text_only,P-8569e91509,midday_transfer,distracted_multitasker,clean,userlm,mid2-phi3-mini,medium,piper,faster_whisper,1,29,,,,,,,,,,,,,,,,,,
20260706_052215_b-n0026,C:\Users\sende\PycharmProjects\MiniLlama\results\agent_b\model_comparison\02-medium-phi3-mini\userlm\20260706_052215_b-n0026,C-MT-DM-CLEAN-PIP-FWH-BHUGG-DEFAU-MED-I0-8569e91509-A,not_started,audio_variant,P-8569e91509,midday_transfer,distracted_multitasker,clean,userlm,mid2-phi3-mini,medium,piper,faster_whisper,1,29,,,,,,,,,,,,,,,,,,
20260707_165435_b-n0001,C:\Users\sende\PycharmProjects\MiniLlama\results\agent_b\transformers\01-small-qwen2.5-0.5b\tinyllama\20260707_165435_b-n0001,C-MPCC-FC-CLEAN-PIP-VOS-Q05-DEFAU-SML-I0-5d781341c1-T,not_started,text_only,P-5d781341c1,morning_peak_cross_city,focused_commuter,clean,tinyllama,Qwen2.5-0.5B-Instruct,small,piper,vosk,16,42,,,,,,,,,,,,,,,,,,
20260707_165804_b-n0001,C:\Users\sende\PycharmProjects\MiniLlama\results\agent_b\transformers\01-small-qwen2.5-0.5b\tinyllama\20260707_165804_b-n0001,C-MPCC-FC-CLEAN-PIP-VOS-Q05-DEFAU-SML-I0-5d781341c1-A,not_started,audio_variant,P-5d781341c1,morning_peak_cross_city,focused_commuter,clean,tinyllama,Qwen2.5-0.5B-Instruct,small,piper,vosk,16,42,,,,,,,,,,,,,,,,,,
20260707_165903_b-n0001,C:\Users\sende\PycharmProjects\MiniLlama\results\agent_b\transformers\01-small-qwen2.5-0.5b\tinyllama\20260707_165903_b-n0001,C-MPCC-FC-MC-PIP-VOS-Q05-DEFAU-SML-I0-9b2219e1ee-T,not_started,text_only,P-9b2219e1ee,morning_peak_cross_city,focused_commuter,mostly_clean,tinyllama,Qwen2.5-0.5B-Instruct,small,piper,vosk,11,42,,,,,,,,,,,,,,,,,,
20260707_170004_b-n0001,C:\Users\sende\PycharmProjects\MiniLlama\results\agent_b\transformers\01-small-qwen2.5-0.5b\tinyllama\20260707_170004_b-n0001,C-MPCC-FC-MC-PIP-VOS-Q05-DEFAU-SML-I0-9b2219e1ee-A,not_started,audio_variant,P-9b2219e1ee,morning_peak_cross_city,focused_commuter,mostly_clean,tinyllama,Qwen2.5-0.5B-Instruct,small,piper,vosk,11,42,,,,,,,,,,,,,,,,,,
20260707_165903_b-n0001,C:\Users\sende\PycharmProjects\MiniLlama\results\agent_b\transformers\01-small-smollm2-360m\tinyllama\20260707_165903_b-n0001,C-MPCC-FC-CLEAN-PIP-VOS-S36-DEFAU-SML-I0-5459f108e4-T,not_started,text_only,P-5459f108e4,morning_peak_cross_city,focused_commuter,clean,tinyllama,SmolLM2-360M-Instruct,small,piper,vosk,16,42,,,,,,,,,,,,,,,,,,
20260707_170003_b-n0001,C:\Users\sende\PycharmProjects\MiniLlama\results\agent_b\transformers\01-small-smollm2-360m\tinyllama\20260707_170003_b-n0001,C-MPCC-FC-CLEAN-PIP-VOS-S36-DEFAU-SML-I0-5459f108e4-A,not_started,audio_variant,P-5459f108e4,morning_peak_cross_city,focused_commuter,clean,tinyllama,SmolLM2-360M-Instruct,small,piper,vosk,16,42,,,,,,,,,,,,,,,,,,
20260707_162702_b-n0001,C:\Users\sende\PycharmProjects\MiniLlama\results\agent_b\transformers\01-small-tinyllama-1.1b\tinyllama\20260707_162702_b-n0001,C-MPCC-FC-CLEAN-PIP-VOS-TL1-DEFAU-SML-I0-7799689d32-T,not_started,text_only,P-7799689d32,morning_peak_cross_city,focused_commuter,clean,tinyllama,TinyLlama-1.1B-Chat-v1.0,small,piper,vosk,16,42,,,,,,,,,,,,,,,,,,
20260707_162831_b-n0001,C:\Users\sende\PycharmProjects\MiniLlama\results\agent_b\transformers\01-small-tinyllama-1.1b\tinyllama\20260707_162831_b-n0001,C-MPCC-FC-CLEAN-PIP-VOS-TL1-DEFAU-SML-I0-7799689d32-A,not_started,audio_variant,P-7799689d32,morning_peak_cross_city,focused_commuter,clean,tinyllama,TinyLlama-1.1B-Chat-v1.0,small,piper,vosk,16,42,,,,,,,,,,,,,,,,,,
20260707_163001_b-n0001,C:\Users\sende\PycharmProjects\MiniLlama\results\agent_b\transformers\01-small-tinyllama-1.1b\tinyllama\20260707_163001_b-n0001,C-MPCC-FC-MC-PIP-VOS-TL1-DEFAU-SML-I0-130c6c97b9-T,not_started,text_only,P-130c6c97b9,morning_peak_cross_city,focused_commuter,mostly_clean,tinyllama,TinyLlama-1.1B-Chat-v1.0,small,piper,vosk,11,42,,,,,,,,,,,,,,,,,,
20260707_163131_b-n0001,C:\Users\sende\PycharmProjects\MiniLlama\results\agent_b\transformers\01-small-tinyllama-1.1b\tinyllama\20260707_163131_b-n0001,C-MPCC-FC-MC-PIP-VOS-TL1-DEFAU-SML-I0-130c6c97b9-A,not_started,audio_variant,P-130c6c97b9,morning_peak_cross_city,focused_commuter,mostly_clean,tinyllama,TinyLlama-1.1B-Chat-v1.0,small,piper,vosk,11,42,,,,,,,,,,,,,,,,,,
20260707_165103_b-n0001,C:\Users\sende\PycharmProjects\MiniLlama\results\agent_b\transformers\01-small-tinyllama-1.1b\tinyllama\20260707_165103_b-n0001,C-MPCC-FC-HESIT-PIP-VOS-TL1-DEFAU-SML-I0-f6b15d7296-T,not_started,text_only,P-f6b15d7296,morning_peak_cross_city,focused_commuter,hesitant,tinyllama,TinyLlama-1.1B-Chat-v1.0,small,piper,vosk,6,42,,,,,,,,,,,,,,,,,,
20260707_165435_b-n0001,C:\Users\sende\PycharmProjects\MiniLlama\results\agent_b\transformers\01-small-tinyllama-1.1b\tinyllama\20260707_165435_b-n0001,C-MPCC-FC-HESIT-PIP-VOS-TL1-DEFAU-SML-I0-f6b15d7296-A,not_started,audio_variant,P-f6b15d7296,morning_peak_cross_city,focused_commuter,hesitant,tinyllama,TinyLlama-1.1B-Chat-v1.0,small,piper,vosk,6,42,,,,,,,,,,,,,,,,,,
20260707_165604_b-n0001,C:\Users\sende\PycharmProjects\MiniLlama\results\agent_b\transformers\01-small-tinyllama-1.1b\tinyllama\20260707_165604_b-n0001,C-MPCC-FC-SC-PIP-VOS-TL1-DEFAU-SML-I0-86f231d3c6-T,not_started,text_only,P-86f231d3c6,morning_peak_cross_city,focused_commuter,severe_channel,tinyllama,TinyLlama-1.1B-Chat-v1.0,small,piper,vosk,1,42,,,,,,,,,,,,,,,,,,
20260707_165704_b-n0001,C:\Users\sende\PycharmProjects\MiniLlama\results\agent_b\transformers\01-small-tinyllama-1.1b\tinyllama\20260707_165704_b-n0001,C-MPCC-FC-SC-PIP-VOS-TL1-DEFAU-SML-I0-86f231d3c6-A,not_started,audio_variant,P-86f231d3c6,morning_peak_cross_city,focused_commuter,severe_channel,tinyllama,TinyLlama-1.1B-Chat-v1.0,small,piper,vosk,1,42,,,,,,,,,,,,,,,,,,
20260707_163901_b-n0001,C:\Users\sende\PycharmProjects\MiniLlama\results\agent_b\transformers\02-medium-gemma2-2b\tinyllama\20260707_163901_b-n0001,C-MPCC-FC-CLEAN-PIP-VOS-GG22I-DEFAU-MED-I0-e53b73537f-T,not_started,text_only,P-e53b73537f,morning_peak_cross_city,focused_commuter,clean,tinyllama,gemma-2-2b-it,medium,piper,vosk,16,42,,,,,,,,,,,,,,,,,,
20260707_164001_b-n0001,C:\Users\sende\PycharmProjects\MiniLlama\results\agent_b\transformers\02-medium-gemma2-2b\tinyllama\20260707_164001_b-n0001,C-MPCC-FC-CLEAN-PIP-VOS-GG22I-DEFAU-MED-I0-e53b73537f-A,not_started,audio_variant,P-e53b73537f,morning_peak_cross_city,focused_commuter,clean,tinyllama,gemma-2-2b-it,medium,piper,vosk,16,42,,,,,,,,,,,,,,,,,,
20260707_164101_b-n0001,C:\Users\sende\PycharmProjects\MiniLlama\results\agent_b\transformers\02-medium-gemma2-2b\tinyllama\20260707_164101_b-n0001,C-MPCC-FC-MC-PIP-VOS-GG22I-DEFAU-MED-I0-681c766046-T,not_started,text_only,P-681c766046,morning_peak_cross_city,focused_commuter,mostly_clean,tinyllama,gemma-2-2b-it,medium,piper,vosk,11,42,,,,,,,,,,,,,,,,,,
20260707_164232_b-n0001,C:\Users\sende\PycharmProjects\MiniLlama\results\agent_b\transformers\02-medium-gemma2-2b\tinyllama\20260707_164232_b-n0001,C-MPCC-FC-MC-PIP-VOS-GG22I-DEFAU-MED-I0-681c766046-A,not_started,audio_variant,P-681c766046,morning_peak_cross_city,focused_commuter,mostly_clean,tinyllama,gemma-2-2b-it,medium,piper,vosk,11,42,,,,,,,,,,,,,,,,,,
20260707_164403_b-n0001,C:\Users\sende\PycharmProjects\MiniLlama\results\agent_b\transformers\02-medium-gemma2-2b\tinyllama\20260707_164403_b-n0001,C-MPCC-FC-HESIT-PIP-VOS-GG22I-DEFAU-MED-I0-bff45a6c9e-T,not_started,text_only,P-bff45a6c9e,morning_peak_cross_city,focused_commuter,hesitant,tinyllama,gemma-2-2b-it,medium,piper,vosk,6,42,,,,,,,,,,,,,,,,,,
20260707_164503_b-n0001,C:\Users\sende\PycharmProjects\MiniLlama\results\agent_b\transformers\02-medium-gemma2-2b\tinyllama\20260707_164503_b-n0001,C-MPCC-FC-HESIT-PIP-VOS-GG22I-DEFAU-MED-I0-bff45a6c9e-A,not_started,audio_variant,P-bff45a6c9e,morning_peak_cross_city,focused_commuter,hesitant,tinyllama,gemma-2-2b-it,medium,piper,vosk,6,42,,,,,,,,,,,,,,,,,,
20260707_164733_b-n0001,C:\Users\sende\PycharmProjects\MiniLlama\results\agent_b\transformers\02-medium-gemma2-2b\tinyllama\20260707_164733_b-n0001,C-MPCC-FC-SC-PIP-VOS-GG22I-DEFAU-MED-I0-5df0bbb699-T,not_started,text_only,P-5df0bbb699,morning_peak_cross_city,focused_commuter,severe_channel,tinyllama,gemma-2-2b-it,medium,piper,vosk,1,42,,,,,,,,,,,,,,,,,,
20260707_164902_b-n0001,C:\Users\sende\PycharmProjects\MiniLlama\results\agent_b\transformers\02-medium-gemma2-2b\tinyllama\20260707_164902_b-n0001,C-MPCC-FC-SC-PIP-VOS-GG22I-DEFAU-MED-I0-5df0bbb699-A,not_started,audio_variant,P-5df0bbb699,morning_peak_cross_city,focused_commuter,severe_channel,tinyllama,gemma-2-2b-it,medium,piper,vosk,1,42,,,,,,,,,,,,,,,,,,
20260707_163901_b-n0001,C:\Users\sende\PycharmProjects\MiniLlama\results\agent_b\transformers\02-medium-phi3-mini\tinyllama\20260707_163901_b-n0001,C-MPCC-FC-CLEAN-PIP-VOS-MP3M4-DEFAU-MED-I0-2da04a25a9-T,not_started,text_only,P-2da04a25a9,morning_peak_cross_city,focused_commuter,clean,tinyllama,Phi-3-mini-4k-instruct,medium,piper,vosk,16,42,,,,,,,,,,,,,,,,,,
20260707_164001_b-n0001,C:\Users\sende\PycharmProjects\MiniLlama\results\agent_b\transformers\02-medium-phi3-mini\tinyllama\20260707_164001_b-n0001,C-MPCC-FC-CLEAN-PIP-VOS-MP3M4-DEFAU-MED-I0-2da04a25a9-A,not_started,audio_variant,P-2da04a25a9,morning_peak_cross_city,focused_commuter,clean,tinyllama,Phi-3-mini-4k-instruct,medium,piper,vosk,16,42,,,,,,,,,,,,,,,,,,
20260707_164101_b-n0001,C:\Users\sende\PycharmProjects\MiniLlama\results\agent_b\transformers\02-medium-phi3-mini\tinyllama\20260707_164101_b-n0001,C-MPCC-FC-MC-PIP-VOS-MP3M4-DEFAU-MED-I0-38d8eb17b0-T,not_started,text_only,P-38d8eb17b0,morning_peak_cross_city,focused_commuter,mostly_clean,tinyllama,Phi-3-mini-4k-instruct,medium,piper,vosk,11,42,,,,,,,,,,,,,,,,,,
20260707_164232_b-n0001,C:\Users\sende\PycharmProjects\MiniLlama\results\agent_b\transformers\02-medium-phi3-mini\tinyllama\20260707_164232_b-n0001,C-MPCC-FC-MC-PIP-VOS-MP3M4-DEFAU-MED-I0-38d8eb17b0-A,not_started,audio_variant,P-38d8eb17b0,morning_peak_cross_city,focused_commuter,mostly_clean,tinyllama,Phi-3-mini-4k-instruct,medium,piper,vosk,11,42,,,,,,,,,,,,,,,,,,
20260707_164403_b-n0001,C:\Users\sende\PycharmProjects\MiniLlama\results\agent_b\transformers\02-medium-phi3-mini\tinyllama\20260707_164403_b-n0001,C-MPCC-FC-HESIT-PIP-VOS-MP3M4-DEFAU-MED-I0-e94abc999b-T,not_started,text_only,P-e94abc999b,morning_peak_cross_city,focused_commuter,hesitant,tinyllama,Phi-3-mini-4k-instruct,medium,piper,vosk,6,42,,,,,,,,,,,,,,,,,,
20260707_164704_b-n0001,C:\Users\sende\PycharmProjects\MiniLlama\results\agent_b\transformers\02-medium-phi3-mini\tinyllama\20260707_164704_b-n0001,C-MPCC-FC-HESIT-PIP-VOS-MP3M4-DEFAU-MED-I0-e94abc999b-A,not_started,audio_variant,P-e94abc999b,morning_peak_cross_city,focused_commuter,hesitant,tinyllama,Phi-3-mini-4k-instruct,medium,piper,vosk,6,42,,,,,,,,,,,,,,,,,,
20260707_164832_b-n0001,C:\Users\sende\PycharmProjects\MiniLlama\results\agent_b\transformers\02-medium-phi3-mini\tinyllama\20260707_164832_b-n0001,C-MPCC-FC-SC-PIP-VOS-MP3M4-DEFAU-MED-I0-29705bde3e-T,not_started,text_only,P-29705bde3e,morning_peak_cross_city,focused_commuter,severe_channel,tinyllama,Phi-3-mini-4k-instruct,medium,piper,vosk,1,42,,,,,,,,,,,,,,,,,,
20260707_164932_b-n0001,C:\Users\sende\PycharmProjects\MiniLlama\results\agent_b\transformers\02-medium-phi3-mini\tinyllama\20260707_164932_b-n0001,C-MPCC-FC-SC-PIP-VOS-MP3M4-DEFAU-MED-I0-29705bde3e-A,not_started,audio_variant,P-29705bde3e,morning_peak_cross_city,focused_commuter,severe_channel,tinyllama,Phi-3-mini-4k-instruct,medium,piper,vosk,1,42,,,,,,,,,,,,,,,,,,
20260707_163100_b-n0001,C:\Users\sende\PycharmProjects\MiniLlama\results\agent_b\transformers\02-medium-qwen2.5-1.5b\tinyllama\20260707_163100_b-n0001,C-MPCC-FC-CLEAN-PIP-VOS-QQ515-DEFAU-MED-I0-d53dab3448-T,not_started,text_only,P-d53dab3448,morning_peak_cross_city,focused_commuter,clean,tinyllama,Qwen2.5-1.5B-Instruct,medium,piper,vosk,16,42,,,,,,,,,,,,,,,,,,
20260707_163501_b-n0001,C:\Users\sende\PycharmProjects\MiniLlama\results\agent_b\transformers\02-medium-qwen2.5-1.5b\tinyllama\20260707_163501_b-n0001,C-MPCC-FC-CLEAN-PIP-VOS-QQ515-DEFAU-MED-I0-d53dab3448-A,not_started,audio_variant,P-d53dab3448,morning_peak_cross_city,focused_commuter,clean,tinyllama,Qwen2.5-1.5B-Instruct,medium,piper,vosk,16,42,,,,,,,,,,,,,,,,,,
20260707_163633_b-n0001,C:\Users\sende\PycharmProjects\MiniLlama\results\agent_b\transformers\02-medium-qwen2.5-1.5b\tinyllama\20260707_163633_b-n0001,C-MPCC-FC-MC-PIP-VOS-QQ515-DEFAU-MED-I0-0eefbadf30-T,not_started,text_only,P-0eefbadf30,morning_peak_cross_city,focused_commuter,mostly_clean,tinyllama,Qwen2.5-1.5B-Instruct,medium,piper,vosk,11,42,,,,,,,,,,,,,,,,,,
20260707_163801_b-n0001,C:\Users\sende\PycharmProjects\MiniLlama\results\agent_b\transformers\02-medium-qwen2.5-1.5b\tinyllama\20260707_163801_b-n0001,C-MPCC-FC-MC-PIP-VOS-QQ515-DEFAU-MED-I0-0eefbadf30-A,not_started,audio_variant,P-0eefbadf30,morning_peak_cross_city,focused_commuter,mostly_clean,tinyllama,Qwen2.5-1.5B-Instruct,medium,piper,vosk,11,42,,,,,,,,,,,,,,,,,,
20260707_163931_b-n0001,C:\Users\sende\PycharmProjects\MiniLlama\results\agent_b\transformers\02-medium-qwen2.5-1.5b\tinyllama\20260707_163931_b-n0001,C-MPCC-FC-HESIT-PIP-VOS-QQ515-DEFAU-MED-I0-699cc664ce-T,not_started,text_only,P-699cc664ce,morning_peak_cross_city,focused_commuter,hesitant,tinyllama,Qwen2.5-1.5B-Instruct,medium,piper,vosk,6,42,,,,,,,,,,,,,,,,,,
20260707_164101_b-n0001,C:\Users\sende\PycharmProjects\MiniLlama\results\agent_b\transformers\02-medium-qwen2.5-1.5b\tinyllama\20260707_164101_b-n0001,C-MPCC-FC-HESIT-PIP-VOS-QQ515-DEFAU-MED-I0-699cc664ce-A,not_started,audio_variant,P-699cc664ce,morning_peak_cross_city,focused_commuter,hesitant,tinyllama,Qwen2.5-1.5B-Instruct,medium,piper,vosk,6,42,,,,,,,,,,,,,,,,,,
20260707_164232_b-n0001,C:\Users\sende\PycharmProjects\MiniLlama\results\agent_b\transformers\02-medium-qwen2.5-1.5b\tinyllama\20260707_164232_b-n0001,C-MPCC-FC-SC-PIP-VOS-QQ515-DEFAU-MED-I0-450da7c57f-T,not_started,text_only,P-450da7c57f,morning_peak_cross_city,focused_commuter,severe_channel,tinyllama,Qwen2.5-1.5B-Instruct,medium,piper,vosk,1,42,,,,,,,,,,,,,,,,,,
20260707_164403_b-n0001,C:\Users\sende\PycharmProjects\MiniLlama\results\agent_b\transformers\02-medium-qwen2.5-1.5b\tinyllama\20260707_164403_b-n0001,C-MPCC-FC-SC-PIP-VOS-QQ515-DEFAU-MED-I0-450da7c57f-A,not_started,audio_variant,P-450da7c57f,morning_peak_cross_city,focused_commuter,severe_channel,tinyllama,Qwen2.5-1.5B-Instruct,medium,piper,vosk,1,42,,,,,,,,,,,,,,,,,,
20260707_164031_b-n0001,C:\Users\sende\PycharmProjects\MiniLlama\results\agent_b\transformers\02-medium-qwen3-4b\tinyllama\20260707_164031_b-n0001,C-MPCC-FC-CLEAN-PIP-VOS-QQ4I2-DEFAU-MED-I0-f7f5c7387b-T,not_started,text_only,P-f7f5c7387b,morning_peak_cross_city,focused_commuter,clean,tinyllama,Qwen3-4B-Instruct-2507,medium,piper,vosk,16,42,,,,,,,,,,,,,,,,,,
20260707_164132_b-n0001,C:\Users\sende\PycharmProjects\MiniLlama\results\agent_b\transformers\02-medium-qwen3-4b\tinyllama\20260707_164132_b-n0001,C-MPCC-FC-CLEAN-PIP-VOS-QQ4I2-DEFAU-MED-I0-f7f5c7387b-A,not_started,audio_variant,P-f7f5c7387b,morning_peak_cross_city,focused_commuter,clean,tinyllama,Qwen3-4B-Instruct-2507,medium,piper,vosk,16,42,,,,,,,,,,,,,,,,,,
20260707_164302_b-n0001,C:\Users\sende\PycharmProjects\MiniLlama\results\agent_b\transformers\02-medium-qwen3-4b\tinyllama\20260707_164302_b-n0001,C-MPCC-FC-MC-PIP-VOS-QQ4I2-DEFAU-MED-I0-c15853871e-T,not_started,text_only,P-c15853871e,morning_peak_cross_city,focused_commuter,mostly_clean,tinyllama,Qwen3-4B-Instruct-2507,medium,piper,vosk,11,42,,,,,,,,,,,,,,,,,,
20260707_164434_b-n0001,C:\Users\sende\PycharmProjects\MiniLlama\results\agent_b\transformers\02-medium-qwen3-4b\tinyllama\20260707_164434_b-n0001,C-MPCC-FC-MC-PIP-VOS-QQ4I2-DEFAU-MED-I0-c15853871e-A,not_started,audio_variant,P-c15853871e,morning_peak_cross_city,focused_commuter,mostly_clean,tinyllama,Qwen3-4B-Instruct-2507,medium,piper,vosk,11,42,,,,,,,,,,,,,,,,,,
20260707_164703_b-n0001,C:\Users\sende\PycharmProjects\MiniLlama\results\agent_b\transformers\02-medium-qwen3-4b\tinyllama\20260707_164703_b-n0001,C-MPCC-FC-HESIT-PIP-VOS-QQ4I2-DEFAU-MED-I0-62be858fa2-T,not_started,text_only,P-62be858fa2,morning_peak_cross_city,focused_commuter,hesitant,tinyllama,Qwen3-4B-Instruct-2507,medium,piper,vosk,6,42,,,,,,,,,,,,,,,,,,
20260707_164832_b-n0001,C:\Users\sende\PycharmProjects\MiniLlama\results\agent_b\transformers\02-medium-qwen3-4b\tinyllama\20260707_164832_b-n0001,C-MPCC-FC-HESIT-PIP-VOS-QQ4I2-DEFAU-MED-I0-62be858fa2-A,not_started,audio_variant,P-62be858fa2,morning_peak_cross_city,focused_commuter,hesitant,tinyllama,Qwen3-4B-Instruct-2507,medium,piper,vosk,6,42,,,,,,,,,,,,,,,,,,
20260707_164932_b-n0001,C:\Users\sende\PycharmProjects\MiniLlama\results\agent_b\transformers\02-medium-qwen3-4b\tinyllama\20260707_164932_b-n0001,C-MPCC-FC-SC-PIP-VOS-QQ4I2-DEFAU-MED-I0-f5e89135f0-T,not_started,text_only,P-f5e89135f0,morning_peak_cross_city,focused_commuter,severe_channel,tinyllama,Qwen3-4B-Instruct-2507,medium,piper,vosk,1,42,,,,,,,,,,,,,,,,,,
20260707_165103_b-n0001,C:\Users\sende\PycharmProjects\MiniLlama\results\agent_b\transformers\02-medium-qwen3-4b\tinyllama\20260707_165103_b-n0001,C-MPCC-FC-SC-PIP-VOS-QQ4I2-DEFAU-MED-I0-f5e89135f0-A,not_started,audio_variant,P-f5e89135f0,morning_peak_cross_city,focused_commuter,severe_channel,tinyllama,Qwen3-4B-Instruct-2507,medium,piper,vosk,1,42,,,,,,,,,,,,,,,,,,
