agent_a_type,agent_b_model,agent_b_llm_size,tts_engine,asr_engine,scenario_key,persona_key,speech_pattern_key,run_type,asr_beam_size,network_seed,agent_a_audio_persona,agent_b_audio_persona,speech_performance_band,transfer_tolerance,dialogue_stagnation_limit,planned_condition_count,observed_condition_count,completed_condition_count,interrupted_condition_count,not_started_condition_count,successful_condition_count,task_success_rate_completed,source_runs
tinyllama,gemma-2-2b-it,medium,piper,vosk,morning_peak_cross_city,focused_commuter,clean,audio_variant,16,42,high_clarity_caller,high_clarity_operator,ceiling,,,1,0,0,0,1,0,,20260707_164001_b-n0001
tinyllama,gemma-2-2b-it,medium,piper,vosk,morning_peak_cross_city,focused_commuter,clean,text_only,16,42,high_clarity_caller,high_clarity_operator,ceiling,,,1,0,0,0,1,0,,20260707_163901_b-n0001
tinyllama,gemma-2-2b-it,medium,piper,vosk,morning_peak_cross_city,focused_commuter,hesitant,audio_variant,6,42,degraded_caller,degraded_operator,challenging,,,1,0,0,0,1,0,,20260707_164503_b-n0001
tinyllama,gemma-2-2b-it,medium,piper,vosk,morning_peak_cross_city,focused_commuter,hesitant,text_only,6,42,degraded_caller,degraded_operator,challenging,,,1,0,0,0,1,0,,20260707_164403_b-n0001
tinyllama,gemma-2-2b-it,medium,piper,vosk,morning_peak_cross_city,focused_commuter,mostly_clean,audio_variant,11,42,neutral_caller,clear_operator,nominal,,,1,0,0,0,1,0,,20260707_164232_b-n0001
tinyllama,gemma-2-2b-it,medium,piper,vosk,morning_peak_cross_city,focused_commuter,mostly_clean,text_only,11,42,neutral_caller,clear_operator,nominal,,,1,0,0,0,1,0,,20260707_164101_b-n0001
tinyllama,gemma-2-2b-it,medium,piper,vosk,morning_peak_cross_city,focused_commuter,severe_channel,audio_variant,1,42,barely_understandable_caller,barely_understandable_operator,floor,,,1,0,0,0,1,0,,20260707_164902_b-n0001
tinyllama,gemma-2-2b-it,medium,piper,vosk,morning_peak_cross_city,focused_commuter,severe_channel,text_only,1,42,barely_understandable_caller,barely_understandable_operator,floor,,,1,0,0,0,1,0,,20260707_164733_b-n0001
tinyllama,Phi-3-mini-4k-instruct,medium,piper,vosk,morning_peak_cross_city,focused_commuter,clean,audio_variant,16,42,high_clarity_caller,high_clarity_operator,ceiling,,,1,0,0,0,1,0,,20260707_164001_b-n0001
tinyllama,Phi-3-mini-4k-instruct,medium,piper,vosk,morning_peak_cross_city,focused_commuter,clean,text_only,16,42,high_clarity_caller,high_clarity_operator,ceiling,,,1,0,0,0,1,0,,20260707_163901_b-n0001
tinyllama,Phi-3-mini-4k-instruct,medium,piper,vosk,morning_peak_cross_city,focused_commuter,hesitant,audio_variant,6,42,degraded_caller,degraded_operator,challenging,,,1,0,0,0,1,0,,20260707_164704_b-n0001
tinyllama,Phi-3-mini-4k-instruct,medium,piper,vosk,morning_peak_cross_city,focused_commuter,hesitant,text_only,6,42,degraded_caller,degraded_operator,challenging,,,1,0,0,0,1,0,,20260707_164403_b-n0001
tinyllama,Phi-3-mini-4k-instruct,medium,piper,vosk,morning_peak_cross_city,focused_commuter,mostly_clean,audio_variant,11,42,neutral_caller,clear_operator,nominal,,,1,0,0,0,1,0,,20260707_164232_b-n0001
tinyllama,Phi-3-mini-4k-instruct,medium,piper,vosk,morning_peak_cross_city,focused_commuter,mostly_clean,text_only,11,42,neutral_caller,clear_operator,nominal,,,1,0,0,0,1,0,,20260707_164101_b-n0001
tinyllama,Phi-3-mini-4k-instruct,medium,piper,vosk,morning_peak_cross_city,focused_commuter,severe_channel,audio_variant,1,42,barely_understandable_caller,barely_understandable_operator,floor,,,1,0,0,0,1,0,,20260707_164932_b-n0001
tinyllama,Phi-3-mini-4k-instruct,medium,piper,vosk,morning_peak_cross_city,focused_commuter,severe_channel,text_only,1,42,barely_understandable_caller,barely_understandable_operator,floor,,,1,0,0,0,1,0,,20260707_164832_b-n0001
tinyllama,Qwen2.5-0.5B-Instruct,small,piper,vosk,morning_peak_cross_city,focused_commuter,clean,audio_variant,16,42,high_clarity_caller,high_clarity_operator,ceiling,,,1,0,0,0,1,0,,20260707_165804_b-n0001
tinyllama,Qwen2.5-0.5B-Instruct,small,piper,vosk,morning_peak_cross_city,focused_commuter,clean,text_only,16,42,high_clarity_caller,high_clarity_operator,ceiling,,,1,0,0,0,1,0,,20260707_165435_b-n0001
tinyllama,Qwen2.5-0.5B-Instruct,small,piper,vosk,morning_peak_cross_city,focused_commuter,mostly_clean,audio_variant,11,42,neutral_caller,clear_operator,nominal,,,1,0,0,0,1,0,,20260707_170004_b-n0001
tinyllama,Qwen2.5-0.5B-Instruct,small,piper,vosk,morning_peak_cross_city,focused_commuter,mostly_clean,text_only,11,42,neutral_caller,clear_operator,nominal,,,1,0,0,0,1,0,,20260707_165903_b-n0001
tinyllama,Qwen2.5-1.5B-Instruct,medium,piper,vosk,morning_peak_cross_city,focused_commuter,clean,audio_variant,16,42,high_clarity_caller,high_clarity_operator,ceiling,,,1,0,0,0,1,0,,20260707_163501_b-n0001
tinyllama,Qwen2.5-1.5B-Instruct,medium,piper,vosk,morning_peak_cross_city,focused_commuter,clean,text_only,16,42,high_clarity_caller,high_clarity_operator,ceiling,,,1,0,0,0,1,0,,20260707_163100_b-n0001
tinyllama,Qwen2.5-1.5B-Instruct,medium,piper,vosk,morning_peak_cross_city,focused_commuter,hesitant,audio_variant,6,42,degraded_caller,degraded_operator,challenging,,,1,0,0,0,1,0,,20260707_164101_b-n0001
tinyllama,Qwen2.5-1.5B-Instruct,medium,piper,vosk,morning_peak_cross_city,focused_commuter,hesitant,text_only,6,42,degraded_caller,degraded_operator,challenging,,,1,0,0,0,1,0,,20260707_163931_b-n0001
tinyllama,Qwen2.5-1.5B-Instruct,medium,piper,vosk,morning_peak_cross_city,focused_commuter,mostly_clean,audio_variant,11,42,neutral_caller,clear_operator,nominal,,,1,0,0,0,1,0,,20260707_163801_b-n0001
tinyllama,Qwen2.5-1.5B-Instruct,medium,piper,vosk,morning_peak_cross_city,focused_commuter,mostly_clean,text_only,11,42,neutral_caller,clear_operator,nominal,,,1,0,0,0,1,0,,20260707_163633_b-n0001
tinyllama,Qwen2.5-1.5B-Instruct,medium,piper,vosk,morning_peak_cross_city,focused_commuter,severe_channel,audio_variant,1,42,barely_understandable_caller,barely_understandable_operator,floor,,,1,0,0,0,1,0,,20260707_164403_b-n0001
tinyllama,Qwen2.5-1.5B-Instruct,medium,piper,vosk,morning_peak_cross_city,focused_commuter,severe_channel,text_only,1,42,barely_understandable_caller,barely_understandable_operator,floor,,,1,0,0,0,1,0,,20260707_164232_b-n0001
tinyllama,Qwen3-4B-Instruct-2507,medium,piper,vosk,morning_peak_cross_city,focused_commuter,clean,audio_variant,16,42,high_clarity_caller,high_clarity_operator,ceiling,,,1,0,0,0,1,0,,20260707_164132_b-n0001
tinyllama,Qwen3-4B-Instruct-2507,medium,piper,vosk,morning_peak_cross_city,focused_commuter,clean,text_only,16,42,high_clarity_caller,high_clarity_operator,ceiling,,,1,0,0,0,1,0,,20260707_164031_b-n0001
tinyllama,Qwen3-4B-Instruct-2507,medium,piper,vosk,morning_peak_cross_city,focused_commuter,hesitant,audio_variant,6,42,degraded_caller,degraded_operator,challenging,,,1,0,0,0,1,0,,20260707_164832_b-n0001
tinyllama,Qwen3-4B-Instruct-2507,medium,piper,vosk,morning_peak_cross_city,focused_commuter,hesitant,text_only,6,42,degraded_caller,degraded_operator,challenging,,,1,0,0,0,1,0,,20260707_164703_b-n0001
tinyllama,Qwen3-4B-Instruct-2507,medium,piper,vosk,morning_peak_cross_city,focused_commuter,mostly_clean,audio_variant,11,42,neutral_caller,clear_operator,nominal,,,1,0,0,0,1,0,,20260707_164434_b-n0001
tinyllama,Qwen3-4B-Instruct-2507,medium,piper,vosk,morning_peak_cross_city,focused_commuter,mostly_clean,text_only,11,42,neutral_caller,clear_operator,nominal,,,1,0,0,0,1,0,,20260707_164302_b-n0001
tinyllama,Qwen3-4B-Instruct-2507,medium,piper,vosk,morning_peak_cross_city,focused_commuter,severe_channel,audio_variant,1,42,barely_understandable_caller,barely_understandable_operator,floor,,,1,0,0,0,1,0,,20260707_165103_b-n0001
tinyllama,Qwen3-4B-Instruct-2507,medium,piper,vosk,morning_peak_cross_city,focused_commuter,severe_channel,text_only,1,42,barely_understandable_caller,barely_understandable_operator,floor,,,1,0,0,0,1,0,,20260707_164932_b-n0001
tinyllama,SmolLM2-360M-Instruct,small,piper,vosk,morning_peak_cross_city,focused_commuter,clean,audio_variant,16,42,high_clarity_caller,high_clarity_operator,ceiling,,,1,0,0,0,1,0,,20260707_170003_b-n0001
tinyllama,SmolLM2-360M-Instruct,small,piper,vosk,morning_peak_cross_city,focused_commuter,clean,text_only,16,42,high_clarity_caller,high_clarity_operator,ceiling,,,1,0,0,0,1,0,,20260707_165903_b-n0001
tinyllama,TinyLlama-1.1B-Chat-v1.0,small,piper,vosk,morning_peak_cross_city,focused_commuter,clean,audio_variant,16,42,high_clarity_caller,high_clarity_operator,ceiling,,,1,0,0,0,1,0,,20260707_162831_b-n0001
tinyllama,TinyLlama-1.1B-Chat-v1.0,small,piper,vosk,morning_peak_cross_city,focused_commuter,clean,text_only,16,42,high_clarity_caller,high_clarity_operator,ceiling,,,1,0,0,0,1,0,,20260707_162702_b-n0001
tinyllama,TinyLlama-1.1B-Chat-v1.0,small,piper,vosk,morning_peak_cross_city,focused_commuter,hesitant,audio_variant,6,42,degraded_caller,degraded_operator,challenging,,,1,0,0,0,1,0,,20260707_165435_b-n0001
tinyllama,TinyLlama-1.1B-Chat-v1.0,small,piper,vosk,morning_peak_cross_city,focused_commuter,hesitant,text_only,6,42,degraded_caller,degraded_operator,challenging,,,1,0,0,0,1,0,,20260707_165103_b-n0001
tinyllama,TinyLlama-1.1B-Chat-v1.0,small,piper,vosk,morning_peak_cross_city,focused_commuter,mostly_clean,audio_variant,11,42,neutral_caller,clear_operator,nominal,,,1,0,0,0,1,0,,20260707_163131_b-n0001
tinyllama,TinyLlama-1.1B-Chat-v1.0,small,piper,vosk,morning_peak_cross_city,focused_commuter,mostly_clean,text_only,11,42,neutral_caller,clear_operator,nominal,,,1,0,0,0,1,0,,20260707_163001_b-n0001
tinyllama,TinyLlama-1.1B-Chat-v1.0,small,piper,vosk,morning_peak_cross_city,focused_commuter,severe_channel,audio_variant,1,42,barely_understandable_caller,barely_understandable_operator,floor,,,1,0,0,0,1,0,,20260707_165704_b-n0001
tinyllama,TinyLlama-1.1B-Chat-v1.0,small,piper,vosk,morning_peak_cross_city,focused_commuter,severe_channel,text_only,1,42,barely_understandable_caller,barely_understandable_operator,floor,,,1,0,0,0,1,0,,20260707_165604_b-n0001
userlm,mid2-phi3-mini,medium,piper,faster_whisper,airport_connection,delay_sensitive_traveler,clean,audio_variant,1,42,high_clarity_caller,clear_operator,custom,,,1,0,0,0,1,0,,20260706_052215_b-n0026
userlm,mid2-phi3-mini,medium,piper,faster_whisper,airport_connection,delay_sensitive_traveler,clean,text_only,1,42,high_clarity_caller,clear_operator,custom,,,1,0,0,0,1,0,,20260706_052215_b-n0026
userlm,mid2-phi3-mini,medium,piper,faster_whisper,airport_connection,delay_sensitive_traveler,hesitant,audio_variant,6,29,hesitant_caller,degraded_operator,custom,,,1,0,0,0,1,0,,20260706_052215_b-n0026
userlm,mid2-phi3-mini,medium,piper,faster_whisper,airport_connection,delay_sensitive_traveler,hesitant,text_only,6,29,hesitant_caller,degraded_operator,custom,,,1,0,0,0,1,0,,20260706_052215_b-n0026
userlm,mid2-phi3-mini,medium,piper,faster_whisper,airport_connection,delay_sensitive_traveler,noisy_station,audio_variant,1,29,high_clarity_caller,clear_operator,custom,,,1,0,0,0,1,0,,20260706_052215_b-n0026
userlm,mid2-phi3-mini,medium,piper,faster_whisper,airport_connection,delay_sensitive_traveler,noisy_station,text_only,1,29,high_clarity_caller,clear_operator,custom,,,1,0,0,0,1,0,,20260706_052215_b-n0026
userlm,mid2-phi3-mini,medium,piper,faster_whisper,late_event,verbose_planner,clean,audio_variant,6,29,high_clarity_caller,degraded_operator,custom,,,1,0,0,0,1,0,,20260706_052215_b-n0026
userlm,mid2-phi3-mini,medium,piper,faster_whisper,late_event,verbose_planner,clean,text_only,6,29,high_clarity_caller,degraded_operator,custom,,,1,0,0,0,1,0,,20260706_052215_b-n0026
userlm,mid2-phi3-mini,medium,piper,faster_whisper,late_event,verbose_planner,hesitant,audio_variant,1,29,hesitant_caller,clear_operator,custom,,,1,0,0,0,1,0,,20260706_052215_b-n0026
userlm,mid2-phi3-mini,medium,piper,faster_whisper,late_event,verbose_planner,hesitant,text_only,1,29,hesitant_caller,clear_operator,custom,,,1,0,0,0,1,0,,20260706_052215_b-n0026
userlm,mid2-phi3-mini,medium,piper,faster_whisper,late_event,verbose_planner,noisy_station,audio_variant,6,42,high_clarity_caller,clear_operator,custom,,,1,0,0,0,1,0,,20260706_052215_b-n0026
userlm,mid2-phi3-mini,medium,piper,faster_whisper,late_event,verbose_planner,noisy_station,text_only,6,42,high_clarity_caller,clear_operator,custom,,,1,0,0,0,1,0,,20260706_052215_b-n0026
userlm,mid2-phi3-mini,medium,piper,faster_whisper,midday_transfer,distracted_multitasker,clean,audio_variant,1,29,high_clarity_caller,degraded_operator,custom,,,1,0,0,0,1,0,,20260706_052215_b-n0026
userlm,mid2-phi3-mini,medium,piper,faster_whisper,midday_transfer,distracted_multitasker,clean,audio_variant,6,29,hesitant_caller,clear_operator,custom,,,1,0,0,0,1,0,,20260706_052215_b-n0026
userlm,mid2-phi3-mini,medium,piper,faster_whisper,midday_transfer,distracted_multitasker,clean,text_only,1,29,high_clarity_caller,degraded_operator,custom,,,1,0,0,0,1,0,,20260706_052215_b-n0026
userlm,mid2-phi3-mini,medium,piper,faster_whisper,midday_transfer,distracted_multitasker,clean,text_only,6,29,hesitant_caller,clear_operator,custom,,,1,0,0,0,1,0,,20260706_052215_b-n0026
userlm,mid2-phi3-mini,medium,piper,faster_whisper,midday_transfer,distracted_multitasker,hesitant,audio_variant,1,42,high_clarity_caller,clear_operator,custom,,,1,0,0,0,1,0,,20260706_052215_b-n0026
userlm,mid2-phi3-mini,medium,piper,faster_whisper,midday_transfer,distracted_multitasker,hesitant,text_only,1,42,high_clarity_caller,clear_operator,custom,,,1,0,0,0,1,0,,20260706_052215_b-n0026
userlm,mid2-phi3-mini,medium,piper,faster_whisper,midday_transfer,distracted_multitasker,noisy_station,audio_variant,1,29,hesitant_caller,clear_operator,custom,,,1,0,0,0,1,0,,20260706_052215_b-n0026
userlm,mid2-phi3-mini,medium,piper,faster_whisper,midday_transfer,distracted_multitasker,noisy_station,text_only,1,29,hesitant_caller,clear_operator,custom,,,1,0,0,0,1,0,,20260706_052215_b-n0026
userlm,mid2-phi3-mini,medium,piper,faster_whisper,morning_peak_cross_city,focused_commuter,clean,audio_variant,1,29,high_clarity_caller,clear_operator,custom,,,1,0,0,0,1,0,,20260706_052215_b-n0026
userlm,mid2-phi3-mini,medium,piper,faster_whisper,morning_peak_cross_city,focused_commuter,clean,text_only,1,29,high_clarity_caller,clear_operator,custom,,,1,0,0,0,1,0,,20260706_052215_b-n0026
userlm,mid2-phi3-mini,medium,piper,faster_whisper,morning_peak_cross_city,focused_commuter,hesitant,audio_variant,6,42,hesitant_caller,degraded_operator,custom,,,1,0,0,0,1,0,,20260706_052215_b-n0026
userlm,mid2-phi3-mini,medium,piper,faster_whisper,morning_peak_cross_city,focused_commuter,hesitant,text_only,6,42,hesitant_caller,degraded_operator,custom,,,1,0,0,0,1,0,,20260706_052215_b-n0026
userlm,mid2-phi3-mini,medium,piper,faster_whisper,morning_peak_cross_city,focused_commuter,noisy_station,audio_variant,1,42,high_clarity_caller,degraded_operator,custom,,,1,0,0,0,1,0,,20260706_052215_b-n0026
userlm,mid2-phi3-mini,medium,piper,faster_whisper,morning_peak_cross_city,focused_commuter,noisy_station,text_only,1,42,high_clarity_caller,degraded_operator,custom,,,1,0,0,0,1,0,,20260706_052215_b-n0026
userlm,Mistral-7B-Instruct-v0.3,large,piper,faster_whisper,crowded_event_exit,delay_sensitive_traveler,hesitant,audio_variant,6,77,degraded_caller,degraded_operator,challenging,,,1,0,0,0,1,0,,20260712_012946_b-n0001
userlm,Mistral-7B-Instruct-v0.3,large,piper,faster_whisper,crowded_event_exit,delay_sensitive_traveler,hesitant,text_only,6,77,degraded_caller,degraded_operator,challenging,,,1,0,0,0,1,0,,20260712_012833_b-n0001
userlm,Mistral-7B-Instruct-v0.3,large,piper,faster_whisper,crowded_event_exit,focused_commuter,clean,audio_variant,16,42,high_clarity_caller,high_clarity_operator,ceiling,,,1,0,0,0,1,0,,20260712_012450_b-n0001
userlm,Mistral-7B-Instruct-v0.3,large,piper,faster_whisper,crowded_event_exit,focused_commuter,clean,text_only,16,42,high_clarity_caller,high_clarity_operator,ceiling,,,1,0,0,0,1,0,,20260712_012336_b-n0001
userlm,Mistral-7B-Instruct-v0.3,large,piper,faster_whisper,midday_transfer,focused_commuter,clean,audio_variant,16,42,high_clarity_caller,high_clarity_operator,ceiling,,,1,0,0,0,1,0,,20260712_012557_b-n0001
userlm,Mistral-7B-Instruct-v0.3,large,piper,faster_whisper,midday_transfer,focused_commuter,clean,text_only,16,42,high_clarity_caller,high_clarity_operator,ceiling,,,1,0,0,0,1,0,,20260712_012442_b-n0001
userlm,Mistral-7B-Instruct-v0.3,large,piper,faster_whisper,morning_peak_cross_city,focused_commuter,mostly_clean,audio_variant,11,42,neutral_caller,clear_operator,nominal,,,1,0,0,0,1,0,,20260712_013442_b-n0001
userlm,Mistral-7B-Instruct-v0.3,large,piper,faster_whisper,morning_peak_cross_city,focused_commuter,mostly_clean,text_only,11,42,neutral_caller,clear_operator,nominal,,,1,0,0,0,1,0,,20260712_013329_b-n0001
userlm,Mistral-7B-Instruct-v0.3,large,piper,vosk,airport_connection,crowd_averse_rider,mostly_clean,audio_variant,11,42,neutral_caller,clear_operator,nominal,,,1,0,0,0,1,0,,20260712_012219_b-n0001
userlm,Mistral-7B-Instruct-v0.3,large,piper,vosk,airport_connection,crowd_averse_rider,mostly_clean,text_only,11,42,neutral_caller,clear_operator,nominal,,,1,0,0,0,1,0,,20260712_012105_b-n0001
userlm,Mistral-7B-Instruct-v0.3,large,piper,vosk,crowded_event_exit,crowd_averse_rider,mostly_clean,audio_variant,11,77,neutral_caller,clear_operator,nominal,,,1,0,0,0,1,0,,20260712_012720_b-n0001
userlm,Mistral-7B-Instruct-v0.3,large,piper,vosk,crowded_event_exit,crowd_averse_rider,mostly_clean,text_only,11,77,neutral_caller,clear_operator,nominal,,,1,0,0,0,1,0,,20260712_012605_b-n0001
userlm,Mistral-7B-Instruct-v0.3,large,piper,vosk,crowded_event_exit,risk_averse_novice,severe_channel,audio_variant,1,77,barely_understandable_caller,barely_understandable_operator,floor,,,1,0,0,0,1,0,,20260712_013215_b-n0001
userlm,Mistral-7B-Instruct-v0.3,large,piper,vosk,crowded_event_exit,risk_averse_novice,severe_channel,text_only,1,77,barely_understandable_caller,barely_understandable_operator,floor,,,1,0,0,0,1,0,,20260712_013100_b-n0001
userlm,Mistral-7B-Instruct-v0.3,large,piper,vosk,midday_transfer,crowd_averse_rider,mostly_clean,audio_variant,11,77,neutral_caller,clear_operator,nominal,,,1,0,0,0,1,0,,20260712_012825_b-n0001
userlm,Mistral-7B-Instruct-v0.3,large,piper,vosk,midday_transfer,crowd_averse_rider,mostly_clean,text_only,11,77,neutral_caller,clear_operator,nominal,,,1,0,0,0,1,0,,20260712_012711_b-n0001
userlm,Mistral-7B-Instruct-v0.3,large,piper,vosk,midday_transfer,delay_sensitive_traveler,hesitant,audio_variant,6,42,degraded_caller,degraded_operator,challenging,,,1,0,0,0,1,0,,20260712_013047_b-n0001
userlm,Mistral-7B-Instruct-v0.3,large,piper,vosk,midday_transfer,delay_sensitive_traveler,hesitant,text_only,6,42,degraded_caller,degraded_operator,challenging,,,1,0,0,0,1,0,,20260712_012936_b-n0001
userlm,Mistral-7B-Instruct-v0.3,large,piper,vosk,midday_transfer,focused_commuter,clean,audio_variant,16,42,high_clarity_caller,high_clarity_operator,ceiling,,,1,0,0,0,1,0,,20260712_014308_b-n0001
userlm,Mistral-7B-Instruct-v0.3,large,piper,vosk,midday_transfer,focused_commuter,clean,text_only,16,42,high_clarity_caller,high_clarity_operator,ceiling,,,1,0,0,0,1,0,,20260712_014153_b-n0001
userlm,Mistral-7B-Instruct-v0.3,large,piper,vosk,midday_transfer,risk_averse_novice,severe_channel,audio_variant,1,42,barely_understandable_caller,barely_understandable_operator,floor,,,1,0,0,0,1,0,,20260712_013311_b-n0001
userlm,Mistral-7B-Instruct-v0.3,large,piper,vosk,midday_transfer,risk_averse_novice,severe_channel,text_only,1,42,barely_understandable_caller,barely_understandable_operator,floor,,,1,0,0,0,1,0,,20260712_013156_b-n0001
userlm,Mistral-7B-Instruct-v0.3,large,piper,vosk,morning_peak_cross_city,crowd_averse_rider,clean,audio_variant,16,42,high_clarity_caller,high_clarity_operator,ceiling,,,1,0,0,0,1,0,,20260712_012809_b-n0001
userlm,Mistral-7B-Instruct-v0.3,large,piper,vosk,morning_peak_cross_city,crowd_averse_rider,clean,text_only,16,42,high_clarity_caller,high_clarity_operator,ceiling,,,1,0,0,0,1,0,,20260712_012650_b-n0001
userlm,Mistral-7B-Instruct-v0.3,large,piper,vosk,morning_peak_cross_city,crowd_averse_rider,hesitant,audio_variant,6,42,degraded_caller,degraded_operator,challenging,,,1,0,0,0,1,0,,20260712_013044_b-n0001
userlm,Mistral-7B-Instruct-v0.3,large,piper,vosk,morning_peak_cross_city,crowd_averse_rider,hesitant,text_only,6,42,degraded_caller,degraded_operator,challenging,,,1,0,0,0,1,0,,20260712_012926_b-n0001
userlm,Mistral-7B-Instruct-v0.3,large,piper,vosk,morning_peak_cross_city,crowd_averse_rider,severe_channel,audio_variant,1,42,barely_understandable_caller,barely_understandable_operator,floor,,,1,0,0,0,1,0,,20260712_013315_b-n0001
userlm,Mistral-7B-Instruct-v0.3,large,piper,vosk,morning_peak_cross_city,crowd_averse_rider,severe_channel,text_only,1,42,barely_understandable_caller,barely_understandable_operator,floor,,,1,0,0,0,1,0,,20260712_013159_b-n0001
userlm,Mistral-7B-Instruct-v0.3,large,piper,vosk,morning_peak_cross_city,delay_sensitive_traveler,clean,audio_variant,16,42,high_clarity_caller,high_clarity_operator,ceiling,,,1,0,0,0,1,0,,20260712_013541_b-n0001
userlm,Mistral-7B-Instruct-v0.3,large,piper,vosk,morning_peak_cross_city,delay_sensitive_traveler,clean,text_only,16,42,high_clarity_caller,high_clarity_operator,ceiling,,,1,0,0,0,1,0,,20260712_013428_b-n0001
userlm,Mistral-7B-Instruct-v0.3,large,piper,vosk,morning_peak_cross_city,delay_sensitive_traveler,hesitant,audio_variant,6,42,degraded_caller,degraded_operator,challenging,,,1,0,0,0,1,0,,20260712_012325_b-n0001
userlm,Mistral-7B-Instruct-v0.3,large,piper,vosk,morning_peak_cross_city,delay_sensitive_traveler,hesitant,text_only,6,42,degraded_caller,degraded_operator,challenging,,,1,0,0,0,1,0,,20260712_012208_b-n0001
userlm,Mistral-7B-Instruct-v0.3,large,piper,vosk,morning_peak_cross_city,delay_sensitive_traveler,mostly_clean,audio_variant,11,42,neutral_caller,clear_operator,nominal,,,1,0,0,0,1,0,,20260712_013536_b-n0001
userlm,Mistral-7B-Instruct-v0.3,large,piper,vosk,morning_peak_cross_city,delay_sensitive_traveler,mostly_clean,text_only,11,42,neutral_caller,clear_operator,nominal,,,1,0,0,0,1,0,,20260712_013425_b-n0001
userlm,Mistral-7B-Instruct-v0.3,large,piper,vosk,morning_peak_cross_city,delay_sensitive_traveler,severe_channel,audio_variant,1,42,barely_understandable_caller,barely_understandable_operator,floor,,,1,0,0,0,1,0,,20260712_013803_b-n0001
userlm,Mistral-7B-Instruct-v0.3,large,piper,vosk,morning_peak_cross_city,delay_sensitive_traveler,severe_channel,text_only,1,42,barely_understandable_caller,barely_understandable_operator,floor,,,1,0,0,0,1,0,,20260712_013650_b-n0001
userlm,Mistral-7B-Instruct-v0.3,large,piper,vosk,morning_peak_cross_city,focused_commuter,clean,audio_variant,16,42,high_clarity_caller,high_clarity_operator,ceiling,,,13,0,0,0,13,0,,20260712_012054_b-n0001;20260712_013711_b-n0001;20260712_013809_b-n0001;20260712_013940_b-n0001;20260712_014037_b-n0001;20260712_014211_b-n0001;20260712_014440_b-n0001;20260712_014536_b-n0001;20260712_014711_b-n0001;20260712_014801_b-n0001;20260712_014804_b-n0001;20260712_014944_b-n0001;20260712_015038_b-n0001
userlm,Mistral-7B-Instruct-v0.3,large,piper,vosk,morning_peak_cross_city,focused_commuter,clean,text_only,16,42,high_clarity_caller,high_clarity_operator,ceiling,,,13,0,0,0,13,0,,20260712_011934_b-n0001;20260712_013556_b-n0001;20260712_013655_b-n0001;20260712_013825_b-n0001;20260712_013923_b-n0001;20260712_014057_b-n0001;20260712_014326_b-n0001;20260712_014422_b-n0001;20260712_014555_b-n0001;20260712_014648_b-n0001;20260712_014651_b-n0001;20260712_014825_b-n0001;20260712_014917_b-n0001
userlm,Mistral-7B-Instruct-v0.3,large,piper,vosk,morning_peak_cross_city,focused_commuter,hesitant,audio_variant,6,42,degraded_caller,degraded_operator,challenging,,,1,0,0,0,1,0,,20260712_012254_b-n0001
userlm,Mistral-7B-Instruct-v0.3,large,piper,vosk,morning_peak_cross_city,focused_commuter,hesitant,text_only,6,42,degraded_caller,degraded_operator,challenging,,,1,0,0,0,1,0,,20260712_012140_b-n0001
userlm,Mistral-7B-Instruct-v0.3,large,piper,vosk,morning_peak_cross_city,focused_commuter,severe_channel,audio_variant,1,42,barely_understandable_caller,barely_understandable_operator,floor,,,1,0,0,0,1,0,,20260712_012533_b-n0001
userlm,Mistral-7B-Instruct-v0.3,large,piper,vosk,morning_peak_cross_city,focused_commuter,severe_channel,text_only,1,42,barely_understandable_caller,barely_understandable_operator,floor,,,1,0,0,0,1,0,,20260712_012414_b-n0001
userlm,Mistral-7B-Instruct-v0.3,large,piper,vosk,morning_peak_cross_city,risk_averse_novice,clean,audio_variant,16,42,high_clarity_caller,high_clarity_operator,ceiling,,,1,0,0,0,1,0,,20260712_014036_b-n0001
userlm,Mistral-7B-Instruct-v0.3,large,piper,vosk,morning_peak_cross_city,risk_averse_novice,clean,text_only,16,42,high_clarity_caller,high_clarity_operator,ceiling,,,1,0,0,0,1,0,,20260712_013919_b-n0001
userlm,Mistral-7B-Instruct-v0.3,large,piper,vosk,morning_peak_cross_city,risk_averse_novice,hesitant,audio_variant,6,42,degraded_caller,degraded_operator,challenging,,,1,0,0,0,1,0,,20260712_014533_b-n0001
userlm,Mistral-7B-Instruct-v0.3,large,piper,vosk,morning_peak_cross_city,risk_averse_novice,hesitant,text_only,6,42,degraded_caller,degraded_operator,challenging,,,1,0,0,0,1,0,,20260712_014418_b-n0001
userlm,Mistral-7B-Instruct-v0.3,large,piper,vosk,morning_peak_cross_city,risk_averse_novice,mostly_clean,audio_variant,11,42,neutral_caller,clear_operator,nominal,,,1,0,0,0,1,0,,20260712_014306_b-n0001
userlm,Mistral-7B-Instruct-v0.3,large,piper,vosk,morning_peak_cross_city,risk_averse_novice,mostly_clean,text_only,11,42,neutral_caller,clear_operator,nominal,,,1,0,0,0,1,0,,20260712_014151_b-n0001
userlm,Phi-3-mini-4k-instruct,medium,piper,faster_whisper,crowded_event_exit,delay_sensitive_traveler,hesitant,audio_variant,6,77,degraded_caller,degraded_operator,challenging,,,1,1,0,1,0,0,,20260712_021445_b-n0001
userlm,Phi-3-mini-4k-instruct,medium,piper,faster_whisper,crowded_event_exit,delay_sensitive_traveler,hesitant,text_only,6,77,degraded_caller,degraded_operator,challenging,,,1,1,0,1,0,0,,20260712_021323_b-n0001
userlm,Phi-3-mini-4k-instruct,medium,piper,faster_whisper,crowded_event_exit,focused_commuter,clean,audio_variant,16,42,high_clarity_caller,high_clarity_operator,ceiling,,,1,1,0,1,0,0,,20260712_020921_b-n0001
userlm,Phi-3-mini-4k-instruct,medium,piper,faster_whisper,crowded_event_exit,focused_commuter,clean,text_only,16,42,high_clarity_caller,high_clarity_operator,ceiling,,,1,1,0,1,0,0,,20260712_020801_b-n0001
userlm,Phi-3-mini-4k-instruct,medium,piper,faster_whisper,midday_transfer,focused_commuter,clean,audio_variant,16,42,high_clarity_caller,high_clarity_operator,ceiling,,,1,1,0,1,0,0,,20260712_021203_b-n0001
userlm,Phi-3-mini-4k-instruct,medium,piper,faster_whisper,midday_transfer,focused_commuter,clean,text_only,16,42,high_clarity_caller,high_clarity_operator,ceiling,,,2,2,1,1,0,0,0.0,20260711_163055_b-n0001;20260712_021041_b-n0001
userlm,Phi-3-mini-4k-instruct,medium,piper,faster_whisper,morning_peak_cross_city,crowd_averse_rider,mostly_clean,audio_variant,11,77,neutral_caller,clear_operator,nominal,,,1,1,0,1,0,0,,20260711_155448_b-n0001
userlm,Phi-3-mini-4k-instruct,medium,piper,faster_whisper,morning_peak_cross_city,crowd_averse_rider,mostly_clean,text_only,11,77,neutral_caller,clear_operator,nominal,,,1,1,0,1,0,0,,20260711_155348_b-n0001
userlm,Phi-3-mini-4k-instruct,medium,piper,faster_whisper,morning_peak_cross_city,focused_commuter,mostly_clean,audio_variant,11,42,neutral_caller,clear_operator,nominal,,,1,1,0,1,0,0,,20260712_022020_b-n0001
userlm,Phi-3-mini-4k-instruct,medium,piper,faster_whisper,morning_peak_cross_city,focused_commuter,mostly_clean,text_only,11,42,neutral_caller,clear_operator,nominal,,,1,1,0,1,0,0,,20260712_021901_b-n0001
userlm,Phi-3-mini-4k-instruct,medium,piper,faster_whisper,morning_peak_cross_city,risk_averse_novice,severe_channel,audio_variant,1,77,barely_understandable_caller,barely_understandable_operator,floor,,,1,1,0,1,0,0,,20260711_162955_b-n0001
userlm,Phi-3-mini-4k-instruct,medium,piper,faster_whisper,morning_peak_cross_city,risk_averse_novice,severe_channel,text_only,1,77,barely_understandable_caller,barely_understandable_operator,floor,,,1,1,0,1,0,0,,20260711_162855_b-n0001
userlm,Phi-3-mini-4k-instruct,medium,piper,vosk,airport_connection,crowd_averse_rider,mostly_clean,audio_variant,11,42,neutral_caller,clear_operator,nominal,,,1,1,0,1,0,0,,20260712_020641_b-n0001
userlm,Phi-3-mini-4k-instruct,medium,piper,vosk,airport_connection,crowd_averse_rider,mostly_clean,text_only,11,42,neutral_caller,clear_operator,nominal,,,1,1,0,1,0,0,,20260712_020521_b-n0001_02
userlm,Phi-3-mini-4k-instruct,medium,piper,vosk,crowded_event_exit,crowd_averse_rider,mostly_clean,audio_variant,11,77,neutral_caller,clear_operator,nominal,,,1,1,0,1,0,0,,20260712_021201_b-n0001
userlm,Phi-3-mini-4k-instruct,medium,piper,vosk,crowded_event_exit,crowd_averse_rider,mostly_clean,text_only,11,77,neutral_caller,clear_operator,nominal,,,1,1,0,1,0,0,,20260712_021041_b-n0001_02
userlm,Phi-3-mini-4k-instruct,medium,piper,vosk,crowded_event_exit,risk_averse_novice,severe_channel,audio_variant,1,77,barely_understandable_caller,barely_understandable_operator,floor,,,1,1,0,1,0,0,,20260712_021740_b-n0001
userlm,Phi-3-mini-4k-instruct,medium,piper,vosk,crowded_event_exit,risk_averse_novice,severe_channel,text_only,1,77,barely_understandable_caller,barely_understandable_operator,floor,,,1,1,0,1,0,0,,20260712_021614_b-n0001
userlm,Phi-3-mini-4k-instruct,medium,piper,vosk,midday_transfer,crowd_averse_rider,mostly_clean,audio_variant,11,77,neutral_caller,clear_operator,nominal,,,1,1,0,1,0,0,,20260712_021447_b-n0001
userlm,Phi-3-mini-4k-instruct,medium,piper,vosk,midday_transfer,crowd_averse_rider,mostly_clean,text_only,11,77,neutral_caller,clear_operator,nominal,,,1,1,0,1,0,0,,20260712_021325_b-n0001
userlm,Phi-3-mini-4k-instruct,medium,piper,vosk,midday_transfer,delay_sensitive_traveler,hesitant,audio_variant,6,42,degraded_caller,degraded_operator,challenging,,,1,1,0,1,0,0,,20260712_021740_b-n0001_02
userlm,Phi-3-mini-4k-instruct,medium,piper,vosk,midday_transfer,delay_sensitive_traveler,hesitant,text_only,6,42,degraded_caller,degraded_operator,challenging,,,1,1,0,1,0,0,,20260712_021613_b-n0001
userlm,Phi-3-mini-4k-instruct,medium,piper,vosk,midday_transfer,focused_commuter,clean,audio_variant,16,42,high_clarity_caller,high_clarity_operator,ceiling,,,1,1,0,1,0,0,,20260712_024338_b-n0001
userlm,Phi-3-mini-4k-instruct,medium,piper,vosk,midday_transfer,focused_commuter,clean,text_only,16,42,high_clarity_caller,high_clarity_operator,ceiling,,,1,1,0,1,0,0,,20260712_024216_b-n0001
userlm,Phi-3-mini-4k-instruct,medium,piper,vosk,midday_transfer,risk_averse_novice,severe_channel,audio_variant,1,42,barely_understandable_caller,barely_understandable_operator,floor,,,1,1,0,1,0,0,,20260712_022024_b-n0001
userlm,Phi-3-mini-4k-instruct,medium,piper,vosk,midday_transfer,risk_averse_novice,severe_channel,text_only,1,42,barely_understandable_caller,barely_understandable_operator,floor,,,2,2,1,1,0,0,0.0,20260711_161752_b-n0001;20260712_021900_b-n0001
userlm,Phi-3-mini-4k-instruct,medium,piper,vosk,morning_peak_cross_city,crowd_averse_rider,clean,audio_variant,16,42,high_clarity_caller,high_clarity_operator,ceiling,,,1,1,0,1,0,0,,20260712_022724_b-n0001
userlm,Phi-3-mini-4k-instruct,medium,piper,vosk,morning_peak_cross_city,crowd_averse_rider,clean,text_only,16,42,high_clarity_caller,high_clarity_operator,ceiling,,,1,1,0,1,0,0,,20260712_022605_b-n0001
userlm,Phi-3-mini-4k-instruct,medium,piper,vosk,morning_peak_cross_city,crowd_averse_rider,hesitant,audio_variant,6,42,degraded_caller,degraded_operator,challenging,,,1,1,0,1,0,0,,20260712_023005_b-n0001
userlm,Phi-3-mini-4k-instruct,medium,piper,vosk,morning_peak_cross_city,crowd_averse_rider,hesitant,text_only,6,42,degraded_caller,degraded_operator,challenging,,,1,1,0,1,0,0,,20260712_022845_b-n0001
userlm,Phi-3-mini-4k-instruct,medium,piper,vosk,morning_peak_cross_city,crowd_averse_rider,severe_channel,audio_variant,1,42,barely_understandable_caller,barely_understandable_operator,floor,,,1,1,0,1,0,0,,20260712_023246_b-n0001
userlm,Phi-3-mini-4k-instruct,medium,piper,vosk,morning_peak_cross_city,crowd_averse_rider,severe_channel,text_only,1,42,barely_understandable_caller,barely_understandable_operator,floor,,,1,1,0,1,0,0,,20260712_023125_b-n0001
userlm,Phi-3-mini-4k-instruct,medium,piper,vosk,morning_peak_cross_city,delay_sensitive_traveler,clean,audio_variant,16,42,high_clarity_caller,high_clarity_operator,ceiling,,,1,1,0,1,0,0,,20260712_023524_b-n0001
userlm,Phi-3-mini-4k-instruct,medium,piper,vosk,morning_peak_cross_city,delay_sensitive_traveler,clean,text_only,16,42,high_clarity_caller,high_clarity_operator,ceiling,,,1,1,0,1,0,0,,20260712_023404_b-n0001
userlm,Phi-3-mini-4k-instruct,medium,piper,vosk,morning_peak_cross_city,delay_sensitive_traveler,hesitant,audio_variant,6,42,degraded_caller,degraded_operator,challenging,,,2,2,1,1,0,1,1.0,20260711_161151_b-n0001;20260712_020922_b-n0001
userlm,Phi-3-mini-4k-instruct,medium,piper,vosk,morning_peak_cross_city,delay_sensitive_traveler,hesitant,text_only,6,42,degraded_caller,degraded_operator,challenging,,,2,2,1,1,0,1,1.0,20260711_155549_b-n0001;20260712_020801_b-n0001_02
userlm,Phi-3-mini-4k-instruct,medium,piper,vosk,morning_peak_cross_city,delay_sensitive_traveler,mostly_clean,audio_variant,11,42,neutral_caller,clear_operator,nominal,,,1,1,0,1,0,0,,20260712_022257_b-n0001
userlm,Phi-3-mini-4k-instruct,medium,piper,vosk,morning_peak_cross_city,delay_sensitive_traveler,mostly_clean,text_only,11,42,neutral_caller,clear_operator,nominal,,,1,1,0,1,0,0,,20260712_022139_b-n0001
userlm,Phi-3-mini-4k-instruct,medium,piper,vosk,morning_peak_cross_city,delay_sensitive_traveler,severe_channel,audio_variant,1,42,barely_understandable_caller,barely_understandable_operator,floor,,,1,1,0,1,0,0,,20260712_022535_b-n0001
userlm,Phi-3-mini-4k-instruct,medium,piper,vosk,morning_peak_cross_city,delay_sensitive_traveler,severe_channel,text_only,1,42,barely_understandable_caller,barely_understandable_operator,floor,,,1,1,0,1,0,0,,20260712_022415_b-n0001
userlm,Phi-3-mini-4k-instruct,medium,piper,vosk,morning_peak_cross_city,focused_commuter,clean,audio_variant,16,42,high_clarity_caller,high_clarity_operator,ceiling,,,14,14,1,13,0,0,0.0,20260711_153746_b-n0001;20260712_020642_b-n0001;20260712_022308_b-n0001;20260712_022555_b-n0001;20260712_022844_b-n0001;20260712_023129_b-n0001;20260712_023411_b-n0001;20260712_023620_b-n0001;20260712_023655_b-n0001;20260712_023807_b-n0001;20260712_024054_b-n0001;20260712_024621_b-n0001;20260712_024901_b-n0001;20260712_025147_b-n0001
userlm,Phi-3-mini-4k-instruct,medium,piper,vosk,morning_peak_cross_city,focused_commuter,clean,text_only,16,42,high_clarity_caller,high_clarity_operator,ceiling,,,14,14,1,13,0,1,1.0,20260711_152613_b-n0001;20260712_020521_b-n0001;20260712_022145_b-n0001;20260712_022431_b-n0001;20260712_022718_b-n0001;20260712_023007_b-n0001;20260712_023250_b-n0001;20260712_023500_b-n0001;20260712_023532_b-n0001;20260712_023645_b-n0001;20260712_023931_b-n0001;20260712_024500_b-n0001;20260712_024742_b-n0001;20260712_025024_b-n0001
userlm,Phi-3-mini-4k-instruct,medium,piper,vosk,morning_peak_cross_city,focused_commuter,hesitant,audio_variant,6,42,degraded_caller,degraded_operator,challenging,,,1,1,0,1,0,0,,20260712_022201_b-n0001
userlm,Phi-3-mini-4k-instruct,medium,piper,vosk,morning_peak_cross_city,focused_commuter,hesitant,text_only,6,42,degraded_caller,degraded_operator,challenging,,,1,1,0,1,0,0,,20260712_022039_b-n0001
userlm,Phi-3-mini-4k-instruct,medium,piper,vosk,morning_peak_cross_city,focused_commuter,severe_channel,audio_variant,1,42,barely_understandable_caller,barely_understandable_operator,floor,,,1,1,0,1,0,0,,20260712_022444_b-n0001
userlm,Phi-3-mini-4k-instruct,medium,piper,vosk,morning_peak_cross_city,focused_commuter,severe_channel,text_only,1,42,barely_understandable_caller,barely_understandable_operator,floor,,,1,1,0,1,0,0,,20260712_022324_b-n0001
userlm,Phi-3-mini-4k-instruct,medium,piper,vosk,morning_peak_cross_city,risk_averse_novice,clean,audio_variant,16,42,high_clarity_caller,high_clarity_operator,ceiling,,,1,1,0,1,0,0,,20260712_022813_b-n0001
userlm,Phi-3-mini-4k-instruct,medium,piper,vosk,morning_peak_cross_city,risk_averse_novice,clean,text_only,16,42,high_clarity_caller,high_clarity_operator,ceiling,,,1,1,0,1,0,0,,20260712_022654_b-n0001
userlm,Phi-3-mini-4k-instruct,medium,piper,vosk,morning_peak_cross_city,risk_averse_novice,hesitant,audio_variant,6,42,degraded_caller,degraded_operator,challenging,,,1,1,0,1,0,0,,20260712_023340_b-n0001
userlm,Phi-3-mini-4k-instruct,medium,piper,vosk,morning_peak_cross_city,risk_averse_novice,hesitant,text_only,6,42,degraded_caller,degraded_operator,challenging,,,1,1,0,1,0,0,,20260712_023218_b-n0001
userlm,Phi-3-mini-4k-instruct,medium,piper,vosk,morning_peak_cross_city,risk_averse_novice,mostly_clean,audio_variant,11,42,neutral_caller,clear_operator,nominal,,,1,1,0,1,0,0,,20260712_023100_b-n0001
userlm,Phi-3-mini-4k-instruct,medium,piper,vosk,morning_peak_cross_city,risk_averse_novice,mostly_clean,text_only,11,42,neutral_caller,clear_operator,nominal,,,1,1,0,1,0,0,,20260712_022933_b-n0001
userlm,Qwen2.5-0.5B-Instruct,small,piper,faster_whisper,airport_connection,delay_sensitive_traveler,hesitant,audio_variant,6,77,degraded_caller,degraded_operator,challenging,,,1,1,0,1,0,0,,20260710_204107_b-n0001
userlm,Qwen2.5-0.5B-Instruct,small,piper,faster_whisper,airport_connection,delay_sensitive_traveler,hesitant,text_only,6,77,degraded_caller,degraded_operator,challenging,,,1,1,0,1,0,0,,20260710_203905_b-n0001
userlm,Qwen2.5-0.5B-Instruct,small,piper,faster_whisper,airport_connection,focused_commuter,clean,audio_variant,16,77,high_clarity_caller,high_clarity_operator,ceiling,,,1,1,0,1,0,0,,20260710_201633_b-n0001
userlm,Qwen2.5-0.5B-Instruct,small,piper,faster_whisper,airport_connection,focused_commuter,clean,text_only,16,77,high_clarity_caller,high_clarity_operator,ceiling,,,1,1,0,1,0,0,,20260710_201432_b-n0001
userlm,Qwen2.5-0.5B-Instruct,small,piper,faster_whisper,crowded_event_exit,delay_sensitive_traveler,hesitant,audio_variant,6,77,degraded_caller,degraded_operator,challenging,,,1,1,1,0,0,1,1.0,20260710_195601_b-n0001_02
userlm,Qwen2.5-0.5B-Instruct,small,piper,faster_whisper,crowded_event_exit,delay_sensitive_traveler,hesitant,text_only,6,77,degraded_caller,degraded_operator,challenging,,,1,1,1,0,0,1,1.0,20260711_195856_b-n0001
userlm,Qwen2.5-0.5B-Instruct,small,piper,faster_whisper,crowded_event_exit,focused_commuter,clean,audio_variant,16,42,high_clarity_caller,high_clarity_operator,ceiling,,,1,1,0,1,0,0,,20260710_204806_b-n0001
userlm,Qwen2.5-0.5B-Instruct,small,piper,faster_whisper,crowded_event_exit,focused_commuter,clean,text_only,16,42,high_clarity_caller,high_clarity_operator,ceiling,,,1,1,0,1,0,0,,20260710_204636_b-n0001
userlm,Qwen2.5-0.5B-Instruct,small,piper,faster_whisper,midday_transfer,focused_commuter,clean,audio_variant,16,42,high_clarity_caller,high_clarity_operator,ceiling,,,1,1,1,0,0,0,0.0,20260710_204906_b-n0001
userlm,Qwen2.5-0.5B-Instruct,small,piper,faster_whisper,midday_transfer,focused_commuter,clean,text_only,16,42,high_clarity_caller,high_clarity_operator,ceiling,,,1,1,1,0,0,0,0.0,20260710_204005_b-n0001
userlm,Qwen2.5-0.5B-Instruct,small,piper,faster_whisper,morning_peak_cross_city,crowd_averse_rider,mostly_clean,audio_variant,11,77,neutral_caller,clear_operator,nominal,,,1,1,0,1,0,0,,20260710_201032_b-n0001_02
userlm,Qwen2.5-0.5B-Instruct,small,piper,faster_whisper,morning_peak_cross_city,crowd_averse_rider,mostly_clean,text_only,11,77,neutral_caller,clear_operator,nominal,,,1,1,0,1,0,0,,20260710_200831_b-n0001
userlm,Qwen2.5-0.5B-Instruct,small,piper,faster_whisper,morning_peak_cross_city,focused_commuter,mostly_clean,audio_variant,11,42,neutral_caller,clear_operator,nominal,,,1,1,1,0,0,1,1.0,20260710_203335_b-n0001
userlm,Qwen2.5-0.5B-Instruct,small,piper,faster_whisper,morning_peak_cross_city,focused_commuter,mostly_clean,text_only,11,42,neutral_caller,clear_operator,nominal,,,1,1,1,0,0,1,1.0,20260710_202403_b-n0001
userlm,Qwen2.5-0.5B-Instruct,small,piper,faster_whisper,morning_peak_cross_city,risk_averse_novice,severe_channel,audio_variant,1,77,barely_understandable_caller,barely_understandable_operator,floor,,,1,1,0,1,0,0,,20260710_203835_b-n0001
userlm,Qwen2.5-0.5B-Instruct,small,piper,faster_whisper,morning_peak_cross_city,risk_averse_novice,severe_channel,text_only,1,77,barely_understandable_caller,barely_understandable_operator,floor,,,1,1,0,1,0,0,,20260710_203635_b-n0001
userlm,Qwen2.5-0.5B-Instruct,small,piper,vosk,airport_connection,crowd_averse_rider,mostly_clean,audio_variant,11,42,neutral_caller,clear_operator,nominal,,,1,1,1,0,0,1,1.0,20260710_202804_b-n0001
userlm,Qwen2.5-0.5B-Instruct,small,piper,vosk,airport_connection,crowd_averse_rider,mostly_clean,text_only,11,42,neutral_caller,clear_operator,nominal,,,1,1,1,0,0,1,1.0,20260710_201833_b-n0001
userlm,Qwen2.5-0.5B-Instruct,small,piper,vosk,airport_connection,focused_commuter,clean,audio_variant,16,42,high_clarity_caller,high_clarity_operator,ceiling,,,1,1,0,1,0,0,,20260710_223420_b-n0001
userlm,Qwen2.5-0.5B-Instruct,small,piper,vosk,airport_connection,focused_commuter,clean,text_only,16,42,high_clarity_caller,high_clarity_operator,ceiling,,,1,1,0,1,0,0,,20260710_223251_b-n0001
userlm,Qwen2.5-0.5B-Instruct,small,piper,vosk,airport_connection,risk_averse_novice,severe_channel,audio_variant,1,77,barely_understandable_caller,barely_understandable_operator,floor,,,1,1,0,1,0,0,,20260710_204506_b-n0001
userlm,Qwen2.5-0.5B-Instruct,small,piper,vosk,airport_connection,risk_averse_novice,severe_channel,text_only,1,77,barely_understandable_caller,barely_understandable_operator,floor,,,1,1,0,1,0,0,,20260710_204306_b-n0001
userlm,Qwen2.5-0.5B-Instruct,small,piper,vosk,crowded_event_exit,crowd_averse_rider,mostly_clean,audio_variant,11,77,neutral_caller,clear_operator,nominal,,,1,1,1,0,0,1,1.0,20260710_205838_b-n0001
userlm,Qwen2.5-0.5B-Instruct,small,piper,vosk,crowded_event_exit,crowd_averse_rider,mostly_clean,text_only,11,77,neutral_caller,clear_operator,nominal,,,1,1,1,0,0,1,1.0,20260710_204936_b-n0001
userlm,Qwen2.5-0.5B-Instruct,small,piper,vosk,crowded_event_exit,risk_averse_novice,severe_channel,audio_variant,1,77,barely_understandable_caller,barely_understandable_operator,floor,,,1,1,1,0,0,0,0.0,20260710_201933_b-n0001
userlm,Qwen2.5-0.5B-Instruct,small,piper,vosk,crowded_event_exit,risk_averse_novice,severe_channel,text_only,1,77,barely_understandable_caller,barely_understandable_operator,floor,,,1,1,1,0,0,1,1.0,20260710_201032_b-n0001
userlm,Qwen2.5-0.5B-Instruct,small,piper,vosk,midday_transfer,crowd_averse_rider,mostly_clean,audio_variant,11,77,neutral_caller,clear_operator,nominal,,,1,1,1,0,0,1,1.0,20260710_211109_b-n0001
userlm,Qwen2.5-0.5B-Instruct,small,piper,vosk,midday_transfer,crowd_averse_rider,mostly_clean,text_only,11,77,neutral_caller,clear_operator,nominal,,,1,1,1,0,0,1,1.0,20260710_210239_b-n0001
userlm,Qwen2.5-0.5B-Instruct,small,piper,vosk,midday_transfer,delay_sensitive_traveler,hesitant,audio_variant,6,42,degraded_caller,degraded_operator,challenging,,,1,1,1,0,0,0,0.0,20260710_213012_b-n0001_02
userlm,Qwen2.5-0.5B-Instruct,small,piper,vosk,midday_transfer,delay_sensitive_traveler,hesitant,text_only,6,42,degraded_caller,degraded_operator,challenging,,,1,1,1,0,0,1,1.0,20260710_212140_b-n0001
userlm,Qwen2.5-0.5B-Instruct,small,piper,vosk,midday_transfer,focused_commuter,clean,audio_variant,16,42,high_clarity_caller,high_clarity_operator,ceiling,,,1,1,1,0,0,1,1.0,20260710_222449_b-n0001
userlm,Qwen2.5-0.5B-Instruct,small,piper,vosk,midday_transfer,focused_commuter,clean,text_only,16,42,high_clarity_caller,high_clarity_operator,ceiling,,,1,1,1,0,0,0,0.0,20260710_221548_b-n0001
userlm,Qwen2.5-0.5B-Instruct,small,piper,vosk,midday_transfer,risk_averse_novice,severe_channel,audio_variant,1,42,barely_understandable_caller,barely_understandable_operator,floor,,,1,1,1,0,0,0,0.0,20260710_200803_b-n0001
userlm,Qwen2.5-0.5B-Instruct,small,piper,vosk,midday_transfer,risk_averse_novice,severe_channel,text_only,1,42,barely_understandable_caller,barely_understandable_operator,floor,,,1,1,1,0,0,0,0.0,20260710_195541_b-n0001_02
userlm,Qwen2.5-0.5B-Instruct,small,piper,vosk,morning_peak_cross_city,crowd_averse_rider,clean,audio_variant,16,42,high_clarity_caller,high_clarity_operator,ceiling,,,1,1,1,0,0,1,1.0,20260710_213112_b-n0001
userlm,Qwen2.5-0.5B-Instruct,small,piper,vosk,morning_peak_cross_city,crowd_averse_rider,clean,text_only,16,42,high_clarity_caller,high_clarity_operator,ceiling,,,1,1,1,0,0,1,1.0,20260710_212210_b-n0001
userlm,Qwen2.5-0.5B-Instruct,small,piper,vosk,morning_peak_cross_city,crowd_averse_rider,hesitant,audio_variant,6,42,degraded_caller,degraded_operator,challenging,,,1,1,1,0,0,0,0.0,20260710_215015_b-n0001_02
userlm,Qwen2.5-0.5B-Instruct,small,piper,vosk,morning_peak_cross_city,crowd_averse_rider,hesitant,text_only,6,42,degraded_caller,degraded_operator,challenging,,,1,1,1,0,0,1,1.0,20260710_214113_b-n0001
userlm,Qwen2.5-0.5B-Instruct,small,piper,vosk,morning_peak_cross_city,crowd_averse_rider,severe_channel,audio_variant,1,42,barely_understandable_caller,barely_understandable_operator,floor,,,1,1,1,0,0,0,0.0,20260710_200831_b-n0001_02
userlm,Qwen2.5-0.5B-Instruct,small,piper,vosk,morning_peak_cross_city,crowd_averse_rider,severe_channel,text_only,1,42,barely_understandable_caller,barely_understandable_operator,floor,,,1,1,1,0,0,0,0.0,20260710_195541_b-n0001
userlm,Qwen2.5-0.5B-Instruct,small,piper,vosk,morning_peak_cross_city,delay_sensitive_traveler,clean,audio_variant,16,42,high_clarity_caller,high_clarity_operator,ceiling,,,1,1,1,0,0,1,1.0,20260710_202103_b-n0001
userlm,Qwen2.5-0.5B-Instruct,small,piper,vosk,morning_peak_cross_city,delay_sensitive_traveler,clean,text_only,16,42,high_clarity_caller,high_clarity_operator,ceiling,,,1,1,1,0,0,1,1.0,20260710_201202_b-n0001
userlm,Qwen2.5-0.5B-Instruct,small,piper,vosk,morning_peak_cross_city,delay_sensitive_traveler,hesitant,audio_variant,6,42,degraded_caller,degraded_operator,challenging,,,1,1,1,0,0,0,0.0,20260710_202234_b-n0001
userlm,Qwen2.5-0.5B-Instruct,small,piper,vosk,morning_peak_cross_city,delay_sensitive_traveler,hesitant,text_only,6,42,degraded_caller,degraded_operator,challenging,,,1,1,1,0,0,1,1.0,20260710_201202_b-n0001_02
userlm,Qwen2.5-0.5B-Instruct,small,piper,vosk,morning_peak_cross_city,delay_sensitive_traveler,mostly_clean,audio_variant,11,42,neutral_caller,clear_operator,nominal,,,1,1,1,0,0,0,0.0,20260710_203936_b-n0001
userlm,Qwen2.5-0.5B-Instruct,small,piper,vosk,morning_peak_cross_city,delay_sensitive_traveler,mostly_clean,text_only,11,42,neutral_caller,clear_operator,nominal,,,1,1,1,0,0,1,1.0,20260710_203104_b-n0001
userlm,Qwen2.5-0.5B-Instruct,small,piper,vosk,morning_peak_cross_city,delay_sensitive_traveler,severe_channel,audio_variant,1,42,barely_understandable_caller,barely_understandable_operator,floor,,,1,1,1,0,0,0,0.0,20260710_205937_b-n0001
userlm,Qwen2.5-0.5B-Instruct,small,piper,vosk,morning_peak_cross_city,delay_sensitive_traveler,severe_channel,text_only,1,42,barely_understandable_caller,barely_understandable_operator,floor,,,1,1,1,0,0,1,1.0,20260710_205137_b-n0001
userlm,Qwen2.5-0.5B-Instruct,small,piper,vosk,morning_peak_cross_city,focused_commuter,clean,audio_variant,16,42,high_clarity_caller,high_clarity_operator,ceiling,,,13,13,13,0,0,4,0.3076923076923077,20260710_195601_b-n0001;20260710_211810_b-n0001;20260710_213913_b-n0001;20260710_214514_b-n0001;20260710_215746_b-n0001;20260710_220447_b-n0001;20260710_221448_b-n0001;20260710_223250_b-n0001;20260710_224351_b-n0001;20260710_225222_b-n0001;20260710_230354_b-n0001;20260710_231056_b-n0001;20260710_232430_b-n0001
userlm,Qwen2.5-0.5B-Instruct,small,piper,vosk,morning_peak_cross_city,focused_commuter,clean,text_only,16,42,high_clarity_caller,high_clarity_operator,ceiling,,,13,13,13,0,0,13,1.0,20260710_210939_b-n0001;20260710_213012_b-n0001;20260710_213643_b-n0001;20260710_215015_b-n0001;20260710_215616_b-n0001;20260710_220717_b-n0001;20260710_222519_b-n0001;20260710_223550_b-n0001;20260710_224322_b-n0001;20260710_225453_b-n0001;20260710_230224_b-n0001;20260710_231525_b-n0001;20260711_123222_b-n0001
userlm,Qwen2.5-0.5B-Instruct,small,piper,vosk,morning_peak_cross_city,focused_commuter,hesitant,audio_variant,6,42,degraded_caller,degraded_operator,challenging,,,1,1,1,0,0,1,1.0,20260710_205637_b-n0001
userlm,Qwen2.5-0.5B-Instruct,small,piper,vosk,morning_peak_cross_city,focused_commuter,hesitant,text_only,6,42,degraded_caller,degraded_operator,challenging,,,1,1,1,0,0,1,1.0,20260710_204736_b-n0001
userlm,Qwen2.5-0.5B-Instruct,small,piper,vosk,morning_peak_cross_city,focused_commuter,severe_channel,audio_variant,1,42,barely_understandable_caller,barely_understandable_operator,floor,,,1,1,1,0,0,0,0.0,20260710_211810_b-n0001_02
userlm,Qwen2.5-0.5B-Instruct,small,piper,vosk,morning_peak_cross_city,focused_commuter,severe_channel,text_only,1,42,barely_understandable_caller,barely_understandable_operator,floor,,,1,1,1,0,0,1,1.0,20260710_210908_b-n0001
userlm,Qwen2.5-0.5B-Instruct,small,piper,vosk,morning_peak_cross_city,risk_averse_novice,clean,audio_variant,16,42,high_clarity_caller,high_clarity_operator,ceiling,,,1,1,1,0,0,0,0.0,20260710_211239_b-n0001
userlm,Qwen2.5-0.5B-Instruct,small,piper,vosk,morning_peak_cross_city,risk_averse_novice,clean,text_only,16,42,high_clarity_caller,high_clarity_operator,ceiling,,,1,1,1,0,0,1,1.0,20260710_210438_b-n0001
userlm,Qwen2.5-0.5B-Instruct,small,piper,vosk,morning_peak_cross_city,risk_averse_novice,hesitant,audio_variant,6,42,degraded_caller,degraded_operator,challenging,,,1,1,1,0,0,0,0.0,20260710_215015_b-n0001_03
userlm,Qwen2.5-0.5B-Instruct,small,piper,vosk,morning_peak_cross_city,risk_averse_novice,hesitant,text_only,6,42,degraded_caller,degraded_operator,challenging,,,1,1,1,0,0,1,1.0,20260710_214214_b-n0001
userlm,Qwen2.5-0.5B-Instruct,small,piper,vosk,morning_peak_cross_city,risk_averse_novice,mostly_clean,audio_variant,11,42,neutral_caller,clear_operator,nominal,,,1,1,1,0,0,1,1.0,20260710_213212_b-n0001
userlm,Qwen2.5-0.5B-Instruct,small,piper,vosk,morning_peak_cross_city,risk_averse_novice,mostly_clean,text_only,11,42,neutral_caller,clear_operator,nominal,,,1,1,1,0,0,1,1.0,20260710_212442_b-n0001
userlm,Qwen2.5-1.5B-Instruct,medium,piper,faster_whisper,crowded_event_exit,delay_sensitive_traveler,hesitant,audio_variant,6,77,degraded_caller,degraded_operator,challenging,,,1,1,0,1,0,0,,20260712_015741_b-n0001
userlm,Qwen2.5-1.5B-Instruct,medium,piper,faster_whisper,crowded_event_exit,delay_sensitive_traveler,hesitant,text_only,6,77,degraded_caller,degraded_operator,challenging,,,1,1,0,1,0,0,,20260712_015622_b-n0001
userlm,Qwen2.5-1.5B-Instruct,medium,piper,faster_whisper,crowded_event_exit,focused_commuter,clean,audio_variant,16,42,high_clarity_caller,high_clarity_operator,ceiling,,,1,1,0,1,0,0,,20260712_015221_b-n0001
userlm,Qwen2.5-1.5B-Instruct,medium,piper,faster_whisper,crowded_event_exit,focused_commuter,clean,text_only,16,42,high_clarity_caller,high_clarity_operator,ceiling,,,1,1,0,1,0,0,,20260712_015058_b-n0001
userlm,Qwen2.5-1.5B-Instruct,medium,piper,faster_whisper,midday_transfer,focused_commuter,clean,audio_variant,16,42,high_clarity_caller,high_clarity_operator,ceiling,,,1,1,0,1,0,0,,20260712_015316_b-n0001_02
userlm,Qwen2.5-1.5B-Instruct,medium,piper,faster_whisper,midday_transfer,focused_commuter,clean,text_only,16,42,high_clarity_caller,high_clarity_operator,ceiling,,,1,1,0,1,0,0,,20260712_015156_b-n0001
userlm,Qwen2.5-1.5B-Instruct,medium,piper,faster_whisper,morning_peak_cross_city,focused_commuter,mostly_clean,audio_variant,11,42,neutral_caller,clear_operator,nominal,,,1,1,0,1,0,0,,20260712_020303_b-n0001
userlm,Qwen2.5-1.5B-Instruct,medium,piper,faster_whisper,morning_peak_cross_city,focused_commuter,mostly_clean,text_only,11,42,neutral_caller,clear_operator,nominal,,,1,1,0,1,0,0,,20260712_020140_b-n0001
userlm,Qwen2.5-1.5B-Instruct,medium,piper,vosk,airport_connection,crowd_averse_rider,mostly_clean,audio_variant,11,42,neutral_caller,clear_operator,nominal,,,1,1,0,1,0,0,,20260712_004449_b-n0001
userlm,Qwen2.5-1.5B-Instruct,medium,piper,vosk,airport_connection,crowd_averse_rider,mostly_clean,text_only,11,42,neutral_caller,clear_operator,nominal,,,1,1,0,1,0,0,,20260712_004329_b-n0001
userlm,Qwen2.5-1.5B-Instruct,medium,piper,vosk,crowded_event_exit,crowd_averse_rider,mostly_clean,audio_variant,11,77,neutral_caller,clear_operator,nominal,,,1,1,0,1,0,0,,20260712_015503_b-n0001
userlm,Qwen2.5-1.5B-Instruct,medium,piper,vosk,crowded_event_exit,crowd_averse_rider,mostly_clean,text_only,11,77,neutral_caller,clear_operator,nominal,,,1,1,0,1,0,0,,20260712_015344_b-n0001
userlm,Qwen2.5-1.5B-Instruct,medium,piper,vosk,crowded_event_exit,risk_averse_novice,severe_channel,audio_variant,1,77,barely_understandable_caller,barely_understandable_operator,floor,,,1,1,0,1,0,0,,20260712_020019_b-n0001
userlm,Qwen2.5-1.5B-Instruct,medium,piper,vosk,crowded_event_exit,risk_averse_novice,severe_channel,text_only,1,77,barely_understandable_caller,barely_understandable_operator,floor,,,1,1,0,1,0,0,,20260712_015900_b-n0001
userlm,Qwen2.5-1.5B-Instruct,medium,piper,vosk,midday_transfer,crowd_averse_rider,mostly_clean,audio_variant,11,77,neutral_caller,clear_operator,nominal,,,1,1,0,1,0,0,,20260712_015556_b-n0001
userlm,Qwen2.5-1.5B-Instruct,medium,piper,vosk,midday_transfer,crowd_averse_rider,mostly_clean,text_only,11,77,neutral_caller,clear_operator,nominal,,,1,1,0,1,0,0,,20260712_015438_b-n0001
userlm,Qwen2.5-1.5B-Instruct,medium,piper,vosk,midday_transfer,delay_sensitive_traveler,hesitant,audio_variant,6,42,degraded_caller,degraded_operator,challenging,,,1,1,0,1,0,0,,20260712_015833_b-n0001
userlm,Qwen2.5-1.5B-Instruct,medium,piper,vosk,midday_transfer,delay_sensitive_traveler,hesitant,text_only,6,42,degraded_caller,degraded_operator,challenging,,,1,1,0,1,0,0,,20260712_015714_b-n0001
userlm,Qwen2.5-1.5B-Instruct,medium,piper,vosk,midday_transfer,focused_commuter,clean,audio_variant,16,42,high_clarity_caller,high_clarity_operator,ceiling,,,1,1,0,1,0,0,,20260712_021109_b-n0001
userlm,Qwen2.5-1.5B-Instruct,medium,piper,vosk,midday_transfer,focused_commuter,clean,text_only,16,42,high_clarity_caller,high_clarity_operator,ceiling,,,1,1,0,1,0,0,,20260712_020948_b-n0001
userlm,Qwen2.5-1.5B-Instruct,medium,piper,vosk,midday_transfer,risk_averse_novice,severe_channel,audio_variant,1,42,barely_understandable_caller,barely_understandable_operator,floor,,,1,1,0,1,0,0,,20260712_020111_b-n0001
userlm,Qwen2.5-1.5B-Instruct,medium,piper,vosk,midday_transfer,risk_averse_novice,severe_channel,text_only,1,42,barely_understandable_caller,barely_understandable_operator,floor,,,1,1,0,1,0,0,,20260712_015954_b-n0001
userlm,Qwen2.5-1.5B-Instruct,medium,piper,vosk,morning_peak_cross_city,crowd_averse_rider,clean,audio_variant,16,42,high_clarity_caller,high_clarity_operator,ceiling,,,1,1,0,1,0,0,,20260712_015558_b-n0001
userlm,Qwen2.5-1.5B-Instruct,medium,piper,vosk,morning_peak_cross_city,crowd_averse_rider,clean,text_only,16,42,high_clarity_caller,high_clarity_operator,ceiling,,,1,1,0,1,0,0,,20260712_015438_b-n0001_02
userlm,Qwen2.5-1.5B-Instruct,medium,piper,vosk,morning_peak_cross_city,crowd_averse_rider,hesitant,audio_variant,6,42,degraded_caller,degraded_operator,challenging,,,1,1,0,1,0,0,,20260712_015838_b-n0001
userlm,Qwen2.5-1.5B-Instruct,medium,piper,vosk,morning_peak_cross_city,crowd_averse_rider,hesitant,text_only,6,42,degraded_caller,degraded_operator,challenging,,,1,1,0,1,0,0,,20260712_015718_b-n0001
userlm,Qwen2.5-1.5B-Instruct,medium,piper,vosk,morning_peak_cross_city,crowd_averse_rider,severe_channel,audio_variant,1,42,barely_understandable_caller,barely_understandable_operator,floor,,,1,1,0,1,0,0,,20260712_020118_b-n0001
userlm,Qwen2.5-1.5B-Instruct,medium,piper,vosk,morning_peak_cross_city,crowd_averse_rider,severe_channel,text_only,1,42,barely_understandable_caller,barely_understandable_operator,floor,,,1,1,0,1,0,0,,20260712_015958_b-n0001
userlm,Qwen2.5-1.5B-Instruct,medium,piper,vosk,morning_peak_cross_city,delay_sensitive_traveler,clean,audio_variant,16,42,high_clarity_caller,high_clarity_operator,ceiling,,,1,1,0,1,0,0,,20260712_020403_b-n0001
userlm,Qwen2.5-1.5B-Instruct,medium,piper,vosk,morning_peak_cross_city,delay_sensitive_traveler,clean,text_only,16,42,high_clarity_caller,high_clarity_operator,ceiling,,,1,1,0,1,0,0,,20260712_020239_b-n0001
userlm,Qwen2.5-1.5B-Instruct,medium,piper,vosk,morning_peak_cross_city,delay_sensitive_traveler,hesitant,audio_variant,6,42,degraded_caller,degraded_operator,challenging,,,1,1,0,1,0,0,,20260712_015038_b-n0001
userlm,Qwen2.5-1.5B-Instruct,medium,piper,vosk,morning_peak_cross_city,delay_sensitive_traveler,hesitant,text_only,6,42,degraded_caller,degraded_operator,challenging,,,1,1,0,1,0,0,,20260712_014917_b-n0001
userlm,Qwen2.5-1.5B-Instruct,medium,piper,vosk,morning_peak_cross_city,delay_sensitive_traveler,mostly_clean,audio_variant,11,42,neutral_caller,clear_operator,nominal,,,1,1,0,1,0,0,,20260712_004447_b-n0001
userlm,Qwen2.5-1.5B-Instruct,medium,piper,vosk,morning_peak_cross_city,delay_sensitive_traveler,mostly_clean,text_only,11,42,neutral_caller,clear_operator,nominal,,,1,1,0,1,0,0,,20260712_004326_b-n0001
userlm,Qwen2.5-1.5B-Instruct,medium,piper,vosk,morning_peak_cross_city,delay_sensitive_traveler,severe_channel,audio_variant,1,42,barely_understandable_caller,barely_understandable_operator,floor,,,1,1,0,1,0,0,,20260712_015313_b-n0001
userlm,Qwen2.5-1.5B-Instruct,medium,piper,vosk,morning_peak_cross_city,delay_sensitive_traveler,severe_channel,text_only,1,42,barely_understandable_caller,barely_understandable_operator,floor,,,1,1,0,1,0,0,,20260712_015153_b-n0001
userlm,Qwen2.5-1.5B-Instruct,medium,piper,vosk,morning_peak_cross_city,focused_commuter,clean,audio_variant,16,42,high_clarity_caller,high_clarity_operator,ceiling,,,13,13,0,13,0,0,,20260712_004453_b-n0001;20260712_020359_b-n0001;20260712_020359_b-n0001_02;20260712_020545_b-n0001;20260712_020645_b-n0001;20260712_020828_b-n0001;20260712_020930_b-n0001;20260712_021215_b-n0001;20260712_021350_b-n0001;20260712_021500_b-n0001;20260712_021634_b-n0001;20260712_021755_b-n0001_02;20260712_021916_b-n0001
userlm,Qwen2.5-1.5B-Instruct,medium,piper,vosk,morning_peak_cross_city,focused_commuter,clean,text_only,16,42,high_clarity_caller,high_clarity_operator,ceiling,,,13,13,0,13,0,0,,20260712_004330_b-n0001;20260712_020232_b-n0001;20260712_020233_b-n0001;20260712_020424_b-n0001;20260712_020524_b-n0001;20260712_020706_b-n0001;20260712_020807_b-n0001;20260712_021053_b-n0001;20260712_021230_b-n0001;20260712_021339_b-n0001;20260712_021512_b-n0001;20260712_021630_b-n0001;20260712_021755_b-n0001
userlm,Qwen2.5-1.5B-Instruct,medium,piper,vosk,morning_peak_cross_city,focused_commuter,hesitant,audio_variant,6,42,degraded_caller,degraded_operator,challenging,,,1,1,0,1,0,0,,20260712_004448_b-n0001
userlm,Qwen2.5-1.5B-Instruct,medium,piper,vosk,morning_peak_cross_city,focused_commuter,hesitant,text_only,6,42,degraded_caller,degraded_operator,challenging,,,1,1,0,1,0,0,,20260712_004326_b-n0001_02
userlm,Qwen2.5-1.5B-Instruct,medium,piper,vosk,morning_peak_cross_city,focused_commuter,severe_channel,audio_variant,1,42,barely_understandable_caller,barely_understandable_operator,floor,,,1,1,0,1,0,0,,20260712_015316_b-n0001
userlm,Qwen2.5-1.5B-Instruct,medium,piper,vosk,morning_peak_cross_city,focused_commuter,severe_channel,text_only,1,42,barely_understandable_caller,barely_understandable_operator,floor,,,1,1,0,1,0,0,,20260712_015154_b-n0001
userlm,Qwen2.5-1.5B-Instruct,medium,piper,vosk,morning_peak_cross_city,risk_averse_novice,clean,audio_variant,16,42,high_clarity_caller,high_clarity_operator,ceiling,,,1,1,0,1,0,0,,20260712_015553_b-n0001
userlm,Qwen2.5-1.5B-Instruct,medium,piper,vosk,morning_peak_cross_city,risk_averse_novice,clean,text_only,16,42,high_clarity_caller,high_clarity_operator,ceiling,,,1,1,0,1,0,0,,20260712_015432_b-n0001
userlm,Qwen2.5-1.5B-Instruct,medium,piper,vosk,morning_peak_cross_city,risk_averse_novice,hesitant,audio_variant,6,42,degraded_caller,degraded_operator,challenging,,,1,1,0,1,0,0,,20260712_020110_b-n0001
userlm,Qwen2.5-1.5B-Instruct,medium,piper,vosk,morning_peak_cross_city,risk_averse_novice,hesitant,text_only,6,42,degraded_caller,degraded_operator,challenging,,,1,1,0,1,0,0,,20260712_015952_b-n0001
userlm,Qwen2.5-1.5B-Instruct,medium,piper,vosk,morning_peak_cross_city,risk_averse_novice,mostly_clean,audio_variant,11,42,neutral_caller,clear_operator,nominal,,,1,1,0,1,0,0,,20260712_015833_b-n0001_02
userlm,Qwen2.5-1.5B-Instruct,medium,piper,vosk,morning_peak_cross_city,risk_averse_novice,mostly_clean,text_only,11,42,neutral_caller,clear_operator,nominal,,,1,1,0,1,0,0,,20260712_015713_b-n0001
userlm,Qwen2.5-7B-Instruct,large,piper,faster_whisper,crowded_event_exit,delay_sensitive_traveler,hesitant,audio_variant,6,77,degraded_caller,degraded_operator,challenging,,,1,1,0,1,0,0,,20260712_005558_b-n0001
userlm,Qwen2.5-7B-Instruct,large,piper,faster_whisper,crowded_event_exit,delay_sensitive_traveler,hesitant,text_only,6,77,degraded_caller,degraded_operator,challenging,,,1,1,0,1,0,0,,20260712_005434_b-n0001
userlm,Qwen2.5-7B-Instruct,large,piper,faster_whisper,crowded_event_exit,focused_commuter,clean,audio_variant,16,42,high_clarity_caller,high_clarity_operator,ceiling,,,1,1,0,1,0,0,,20260712_005026_b-n0001
userlm,Qwen2.5-7B-Instruct,large,piper,faster_whisper,crowded_event_exit,focused_commuter,clean,text_only,16,42,high_clarity_caller,high_clarity_operator,ceiling,,,1,1,0,1,0,0,,20260712_004904_b-n0001
userlm,Qwen2.5-7B-Instruct,large,piper,faster_whisper,midday_transfer,focused_commuter,clean,audio_variant,16,42,high_clarity_caller,high_clarity_operator,ceiling,,,1,1,0,1,0,0,,20260712_005324_b-n0001
userlm,Qwen2.5-7B-Instruct,large,piper,faster_whisper,midday_transfer,focused_commuter,clean,text_only,16,42,high_clarity_caller,high_clarity_operator,ceiling,,,1,1,0,1,0,0,,20260712_005158_b-n0001
userlm,Qwen2.5-7B-Instruct,large,piper,faster_whisper,morning_peak_cross_city,focused_commuter,mostly_clean,audio_variant,11,42,neutral_caller,clear_operator,nominal,,,1,1,0,1,0,0,,20260712_010140_b-n0001
userlm,Qwen2.5-7B-Instruct,large,piper,faster_whisper,morning_peak_cross_city,focused_commuter,mostly_clean,text_only,11,42,neutral_caller,clear_operator,nominal,,,1,1,0,1,0,0,,20260712_010012_b-n0001
userlm,Qwen2.5-7B-Instruct,large,piper,vosk,airport_connection,crowd_averse_rider,mostly_clean,audio_variant,11,42,neutral_caller,clear_operator,nominal,,,1,1,0,1,0,0,,20260712_004746_b-n0001
userlm,Qwen2.5-7B-Instruct,large,piper,vosk,airport_connection,crowd_averse_rider,mostly_clean,text_only,11,42,neutral_caller,clear_operator,nominal,,,1,1,0,1,0,0,,20260712_004608_b-n0001
userlm,Qwen2.5-7B-Instruct,large,piper,vosk,crowded_event_exit,crowd_averse_rider,mostly_clean,audio_variant,11,77,neutral_caller,clear_operator,nominal,,,1,1,0,1,0,0,,20260712_005312_b-n0001
userlm,Qwen2.5-7B-Instruct,large,piper,vosk,crowded_event_exit,crowd_averse_rider,mostly_clean,text_only,11,77,neutral_caller,clear_operator,nominal,,,1,1,0,1,0,0,,20260712_005149_b-n0001
userlm,Qwen2.5-7B-Instruct,large,piper,vosk,crowded_event_exit,risk_averse_novice,severe_channel,audio_variant,1,77,barely_understandable_caller,barely_understandable_operator,floor,,,1,1,0,1,0,0,,20260712_005847_b-n0001
userlm,Qwen2.5-7B-Instruct,large,piper,vosk,crowded_event_exit,risk_averse_novice,severe_channel,text_only,1,77,barely_understandable_caller,barely_understandable_operator,floor,,,1,1,0,1,0,0,,20260712_005723_b-n0001
userlm,Qwen2.5-7B-Instruct,large,piper,vosk,midday_transfer,crowd_averse_rider,mostly_clean,audio_variant,11,77,neutral_caller,clear_operator,nominal,,,1,1,0,1,0,0,,20260712_005620_b-n0001
userlm,Qwen2.5-7B-Instruct,large,piper,vosk,midday_transfer,crowd_averse_rider,mostly_clean,text_only,11,77,neutral_caller,clear_operator,nominal,,,1,1,0,1,0,0,,20260712_005448_b-n0001
userlm,Qwen2.5-7B-Instruct,large,piper,vosk,midday_transfer,delay_sensitive_traveler,hesitant,audio_variant,6,42,degraded_caller,degraded_operator,challenging,,,1,1,0,1,0,0,,20260712_005913_b-n0001
userlm,Qwen2.5-7B-Instruct,large,piper,vosk,midday_transfer,delay_sensitive_traveler,hesitant,text_only,6,42,degraded_caller,degraded_operator,challenging,,,1,1,0,1,0,0,,20260712_005748_b-n0001
userlm,Qwen2.5-7B-Instruct,large,piper,vosk,midday_transfer,focused_commuter,clean,audio_variant,16,42,high_clarity_caller,high_clarity_operator,ceiling,,,1,1,0,1,0,0,,20260712_011122_b-n0001
userlm,Qwen2.5-7B-Instruct,large,piper,vosk,midday_transfer,focused_commuter,clean,text_only,16,42,high_clarity_caller,high_clarity_operator,ceiling,,,1,1,0,1,0,0,,20260712_010954_b-n0001
userlm,Qwen2.5-7B-Instruct,large,piper,vosk,midday_transfer,risk_averse_novice,severe_channel,audio_variant,1,42,barely_understandable_caller,barely_understandable_operator,floor,,,1,1,0,1,0,0,,20260712_010212_b-n0001
userlm,Qwen2.5-7B-Instruct,large,piper,vosk,midday_transfer,risk_averse_novice,severe_channel,text_only,1,42,barely_understandable_caller,barely_understandable_operator,floor,,,1,1,0,1,0,0,,20260712_010046_b-n0001
userlm,Qwen2.5-7B-Instruct,large,piper,vosk,morning_peak_cross_city,crowd_averse_rider,clean,audio_variant,16,42,high_clarity_caller,high_clarity_operator,ceiling,,,1,1,0,1,0,0,,20260712_005357_b-n0001
userlm,Qwen2.5-7B-Instruct,large,piper,vosk,morning_peak_cross_city,crowd_averse_rider,clean,text_only,16,42,high_clarity_caller,high_clarity_operator,ceiling,,,1,1,0,1,0,0,,20260712_005226_b-n0001
userlm,Qwen2.5-7B-Instruct,large,piper,vosk,morning_peak_cross_city,crowd_averse_rider,hesitant,audio_variant,6,42,degraded_caller,degraded_operator,challenging,,,1,1,0,1,0,0,,20260712_005650_b-n0001
userlm,Qwen2.5-7B-Instruct,large,piper,vosk,morning_peak_cross_city,crowd_averse_rider,hesitant,text_only,6,42,degraded_caller,degraded_operator,challenging,,,1,1,0,1,0,0,,20260712_005524_b-n0001
userlm,Qwen2.5-7B-Instruct,large,piper,vosk,morning_peak_cross_city,crowd_averse_rider,severe_channel,audio_variant,1,42,barely_understandable_caller,barely_understandable_operator,floor,,,1,1,0,1,0,0,,20260712_005941_b-n0001
userlm,Qwen2.5-7B-Instruct,large,piper,vosk,morning_peak_cross_city,crowd_averse_rider,severe_channel,text_only,1,42,barely_understandable_caller,barely_understandable_operator,floor,,,1,1,0,1,0,0,,20260712_005815_b-n0001
userlm,Qwen2.5-7B-Instruct,large,piper,vosk,morning_peak_cross_city,delay_sensitive_traveler,clean,audio_variant,16,42,high_clarity_caller,high_clarity_operator,ceiling,,,1,1,0,1,0,0,,20260712_010238_b-n0001
userlm,Qwen2.5-7B-Instruct,large,piper,vosk,morning_peak_cross_city,delay_sensitive_traveler,clean,text_only,16,42,high_clarity_caller,high_clarity_operator,ceiling,,,1,1,0,1,0,0,,20260712_010108_b-n0001
userlm,Qwen2.5-7B-Instruct,large,piper,vosk,morning_peak_cross_city,delay_sensitive_traveler,hesitant,audio_variant,6,42,degraded_caller,degraded_operator,challenging,,,1,1,0,1,0,0,,20260712_005033_b-n0001
userlm,Qwen2.5-7B-Instruct,large,piper,vosk,morning_peak_cross_city,delay_sensitive_traveler,hesitant,text_only,6,42,degraded_caller,degraded_operator,challenging,,,1,1,0,1,0,0,,20260712_004910_b-n0001
userlm,Qwen2.5-7B-Instruct,large,piper,vosk,morning_peak_cross_city,delay_sensitive_traveler,mostly_clean,audio_variant,11,42,neutral_caller,clear_operator,nominal,,,1,1,0,1,0,0,,20260712_010430_b-n0001
userlm,Qwen2.5-7B-Instruct,large,piper,vosk,morning_peak_cross_city,delay_sensitive_traveler,mostly_clean,text_only,11,42,neutral_caller,clear_operator,nominal,,,1,1,0,1,0,0,,20260712_010304_b-n0001
userlm,Qwen2.5-7B-Instruct,large,piper,vosk,morning_peak_cross_city,delay_sensitive_traveler,severe_channel,audio_variant,1,42,barely_understandable_caller,barely_understandable_operator,floor,,,1,1,0,1,0,0,,20260712_010719_b-n0001
userlm,Qwen2.5-7B-Instruct,large,piper,vosk,morning_peak_cross_city,delay_sensitive_traveler,severe_channel,text_only,1,42,barely_understandable_caller,barely_understandable_operator,floor,,,1,1,0,1,0,0,,20260712_010555_b-n0001
userlm,Qwen2.5-7B-Instruct,large,piper,vosk,morning_peak_cross_city,focused_commuter,clean,audio_variant,16,42,high_clarity_caller,high_clarity_operator,ceiling,,,13,13,0,13,0,0,,20260712_004748_b-n0001;20260712_010514_b-n0001;20260712_010533_b-n0001;20260712_010808_b-n0001;20260712_010826_b-n0001;20260712_011102_b-n0001;20260712_011354_b-n0001;20260712_011411_b-n0001;20260712_011648_b-n0001;20260712_011708_b-n0001;20260712_011808_b-n0001;20260712_011934_b-n0001;20260712_012011_b-n0001
userlm,Qwen2.5-7B-Instruct,large,piper,vosk,morning_peak_cross_city,focused_commuter,clean,text_only,16,42,high_clarity_caller,high_clarity_operator,ceiling,,,13,13,0,13,0,0,,20260712_004611_b-n0001;20260712_010338_b-n0001;20260712_010404_b-n0001;20260712_010640_b-n0001;20260712_010701_b-n0001;20260712_010935_b-n0001;20260712_011228_b-n0001;20260712_011246_b-n0001;20260712_011521_b-n0001;20260712_011539_b-n0001;20260712_011646_b-n0001;20260712_011811_b-n0001;20260712_011839_b-n0001
userlm,Qwen2.5-7B-Instruct,large,piper,vosk,morning_peak_cross_city,focused_commuter,hesitant,audio_variant,6,42,degraded_caller,degraded_operator,challenging,,,1,1,0,1,0,0,,20260712_004750_b-n0001
userlm,Qwen2.5-7B-Instruct,large,piper,vosk,morning_peak_cross_city,focused_commuter,hesitant,text_only,6,42,degraded_caller,degraded_operator,challenging,,,1,1,0,1,0,0,,20260712_004615_b-n0001
userlm,Qwen2.5-7B-Instruct,large,piper,vosk,morning_peak_cross_city,focused_commuter,severe_channel,audio_variant,1,42,barely_understandable_caller,barely_understandable_operator,floor,,,1,1,0,1,0,0,,20260712_005050_b-n0001
userlm,Qwen2.5-7B-Instruct,large,piper,vosk,morning_peak_cross_city,focused_commuter,severe_channel,text_only,1,42,barely_understandable_caller,barely_understandable_operator,floor,,,1,1,0,1,0,0,,20260712_004914_b-n0001
userlm,Qwen2.5-7B-Instruct,large,piper,vosk,morning_peak_cross_city,risk_averse_novice,clean,audio_variant,16,42,high_clarity_caller,high_clarity_operator,ceiling,,,1,1,0,1,0,0,,20260712_011007_b-n0001
userlm,Qwen2.5-7B-Instruct,large,piper,vosk,morning_peak_cross_city,risk_averse_novice,clean,text_only,16,42,high_clarity_caller,high_clarity_operator,ceiling,,,1,1,0,1,0,0,,20260712_010843_b-n0001
userlm,Qwen2.5-7B-Instruct,large,piper,vosk,morning_peak_cross_city,risk_averse_novice,hesitant,audio_variant,6,42,degraded_caller,degraded_operator,challenging,,,1,1,0,1,0,0,,20260712_011524_b-n0001
userlm,Qwen2.5-7B-Instruct,large,piper,vosk,morning_peak_cross_city,risk_averse_novice,hesitant,text_only,6,42,degraded_caller,degraded_operator,challenging,,,1,1,0,1,0,0,,20260712_011404_b-n0001
userlm,Qwen2.5-7B-Instruct,large,piper,vosk,morning_peak_cross_city,risk_averse_novice,mostly_clean,audio_variant,11,42,neutral_caller,clear_operator,nominal,,,1,1,0,1,0,0,,20260712_011247_b-n0001
userlm,Qwen2.5-7B-Instruct,large,piper,vosk,morning_peak_cross_city,risk_averse_novice,mostly_clean,text_only,11,42,neutral_caller,clear_operator,nominal,,,1,1,0,1,0,0,,20260712_011128_b-n0001
userlm,small2-qwen2.5-1.5b,small,piper,faster_whisper,airport_connection,delay_sensitive_traveler,clean,audio_variant,1,42,high_clarity_caller,clear_operator,custom,,,3,0,0,0,3,0,,20260705_123702_b-n0026;20260706_052055_b-n0026;20260708_130523_b-n0026
userlm,small2-qwen2.5-1.5b,small,piper,faster_whisper,airport_connection,delay_sensitive_traveler,clean,text_only,1,42,high_clarity_caller,clear_operator,custom,,,3,0,0,0,3,0,,20260705_123702_b-n0026;20260706_052055_b-n0026;20260708_130523_b-n0026
userlm,small2-qwen2.5-1.5b,small,piper,faster_whisper,airport_connection,delay_sensitive_traveler,hesitant,audio_variant,6,29,hesitant_caller,degraded_operator,custom,,,3,0,0,0,3,0,,20260705_123702_b-n0026;20260706_052055_b-n0026;20260708_130523_b-n0026
userlm,small2-qwen2.5-1.5b,small,piper,faster_whisper,airport_connection,delay_sensitive_traveler,hesitant,text_only,6,29,hesitant_caller,degraded_operator,custom,,,3,0,0,0,3,0,,20260705_123702_b-n0026;20260706_052055_b-n0026;20260708_130523_b-n0026
userlm,small2-qwen2.5-1.5b,small,piper,faster_whisper,airport_connection,delay_sensitive_traveler,noisy_station,audio_variant,1,29,high_clarity_caller,clear_operator,custom,,,3,0,0,0,3,0,,20260705_123702_b-n0026;20260706_052055_b-n0026;20260708_130523_b-n0026
userlm,small2-qwen2.5-1.5b,small,piper,faster_whisper,airport_connection,delay_sensitive_traveler,noisy_station,text_only,1,29,high_clarity_caller,clear_operator,custom,,,3,0,0,0,3,0,,20260705_123702_b-n0026;20260706_052055_b-n0026;20260708_130523_b-n0026
userlm,small2-qwen2.5-1.5b,small,piper,faster_whisper,late_event,verbose_planner,clean,audio_variant,6,29,high_clarity_caller,degraded_operator,custom,,,3,1,1,0,2,1,1.0,20260705_123702_b-n0026;20260706_052055_b-n0026;20260708_130523_b-n0026
userlm,small2-qwen2.5-1.5b,small,piper,faster_whisper,late_event,verbose_planner,clean,text_only,6,29,high_clarity_caller,degraded_operator,custom,,,3,1,1,0,2,1,1.0,20260705_123702_b-n0026;20260706_052055_b-n0026;20260708_130523_b-n0026
userlm,small2-qwen2.5-1.5b,small,piper,faster_whisper,late_event,verbose_planner,hesitant,audio_variant,1,29,hesitant_caller,clear_operator,custom,,,3,1,1,0,2,1,1.0,20260705_123702_b-n0026;20260706_052055_b-n0026;20260708_130523_b-n0026
userlm,small2-qwen2.5-1.5b,small,piper,faster_whisper,late_event,verbose_planner,hesitant,text_only,1,29,hesitant_caller,clear_operator,custom,,,3,1,1,0,2,1,1.0,20260705_123702_b-n0026;20260706_052055_b-n0026;20260708_130523_b-n0026
userlm,small2-qwen2.5-1.5b,small,piper,faster_whisper,late_event,verbose_planner,noisy_station,audio_variant,6,42,high_clarity_caller,clear_operator,custom,,,3,1,0,1,2,0,,20260705_123702_b-n0026;20260706_052055_b-n0026;20260708_130523_b-n0026
userlm,small2-qwen2.5-1.5b,small,piper,faster_whisper,late_event,verbose_planner,noisy_station,text_only,6,42,high_clarity_caller,clear_operator,custom,,,3,1,1,0,2,1,1.0,20260705_123702_b-n0026;20260706_052055_b-n0026;20260708_130523_b-n0026
userlm,small2-qwen2.5-1.5b,small,piper,faster_whisper,midday_transfer,distracted_multitasker,clean,audio_variant,1,29,high_clarity_caller,degraded_operator,custom,,,3,0,0,0,3,0,,20260705_123702_b-n0026;20260706_052055_b-n0026;20260708_130523_b-n0026
userlm,small2-qwen2.5-1.5b,small,piper,faster_whisper,midday_transfer,distracted_multitasker,clean,audio_variant,6,29,hesitant_caller,clear_operator,custom,,,3,1,1,0,2,1,1.0,20260705_123702_b-n0026;20260706_052055_b-n0026;20260708_130523_b-n0026
userlm,small2-qwen2.5-1.5b,small,piper,faster_whisper,midday_transfer,distracted_multitasker,clean,text_only,1,29,high_clarity_caller,degraded_operator,custom,,,3,0,0,0,3,0,,20260705_123702_b-n0026;20260706_052055_b-n0026;20260708_130523_b-n0026
userlm,small2-qwen2.5-1.5b,small,piper,faster_whisper,midday_transfer,distracted_multitasker,clean,text_only,6,29,hesitant_caller,clear_operator,custom,,,3,1,1,0,2,1,1.0,20260705_123702_b-n0026;20260706_052055_b-n0026;20260708_130523_b-n0026
userlm,small2-qwen2.5-1.5b,small,piper,faster_whisper,midday_transfer,distracted_multitasker,hesitant,audio_variant,1,42,high_clarity_caller,clear_operator,custom,,,3,1,1,0,2,1,1.0,20260705_123702_b-n0026;20260706_052055_b-n0026;20260708_130523_b-n0026
userlm,small2-qwen2.5-1.5b,small,piper,faster_whisper,midday_transfer,distracted_multitasker,hesitant,text_only,1,42,high_clarity_caller,clear_operator,custom,,,3,1,1,0,2,1,1.0,20260705_123702_b-n0026;20260706_052055_b-n0026;20260708_130523_b-n0026
userlm,small2-qwen2.5-1.5b,small,piper,faster_whisper,midday_transfer,distracted_multitasker,noisy_station,audio_variant,1,29,hesitant_caller,clear_operator,custom,,,3,1,1,0,2,1,1.0,20260705_123702_b-n0026;20260706_052055_b-n0026;20260708_130523_b-n0026
userlm,small2-qwen2.5-1.5b,small,piper,faster_whisper,midday_transfer,distracted_multitasker,noisy_station,text_only,1,29,hesitant_caller,clear_operator,custom,,,3,1,1,0,2,1,1.0,20260705_123702_b-n0026;20260706_052055_b-n0026;20260708_130523_b-n0026
userlm,small2-qwen2.5-1.5b,small,piper,faster_whisper,morning_peak_cross_city,focused_commuter,clean,audio_variant,1,29,high_clarity_caller,clear_operator,custom,,,3,1,1,0,2,1,1.0,20260705_123702_b-n0026;20260706_052055_b-n0026;20260708_130523_b-n0026
userlm,small2-qwen2.5-1.5b,small,piper,faster_whisper,morning_peak_cross_city,focused_commuter,clean,text_only,1,29,high_clarity_caller,clear_operator,custom,,,3,1,1,0,2,1,1.0,20260705_123702_b-n0026;20260706_052055_b-n0026;20260708_130523_b-n0026
userlm,small2-qwen2.5-1.5b,small,piper,faster_whisper,morning_peak_cross_city,focused_commuter,hesitant,audio_variant,6,42,hesitant_caller,degraded_operator,custom,,,3,1,1,0,2,1,1.0,20260705_123702_b-n0026;20260706_052055_b-n0026;20260708_130523_b-n0026
userlm,small2-qwen2.5-1.5b,small,piper,faster_whisper,morning_peak_cross_city,focused_commuter,hesitant,text_only,6,42,hesitant_caller,degraded_operator,custom,,,3,1,1,0,2,1,1.0,20260705_123702_b-n0026;20260706_052055_b-n0026;20260708_130523_b-n0026
userlm,small2-qwen2.5-1.5b,small,piper,faster_whisper,morning_peak_cross_city,focused_commuter,noisy_station,audio_variant,1,42,high_clarity_caller,degraded_operator,custom,,,3,1,1,0,2,1,1.0,20260705_123702_b-n0026;20260706_052055_b-n0026;20260708_130523_b-n0026
userlm,small2-qwen2.5-1.5b,small,piper,faster_whisper,morning_peak_cross_city,focused_commuter,noisy_station,text_only,1,42,high_clarity_caller,degraded_operator,custom,,,3,1,1,0,2,1,1.0,20260705_123702_b-n0026;20260706_052055_b-n0026;20260708_130523_b-n0026
userlm,TinyLlama-1.1B-Chat-v1.0,small,piper,faster_whisper,airport_connection,delay_sensitive_traveler,hesitant,audio_variant,6,77,degraded_caller,degraded_operator,challenging,,,1,1,0,1,0,0,,20260710_224952_b-n0001
userlm,TinyLlama-1.1B-Chat-v1.0,small,piper,faster_whisper,airport_connection,delay_sensitive_traveler,hesitant,text_only,6,77,degraded_caller,degraded_operator,challenging,,,1,1,0,1,0,0,,20260710_224822_b-n0001
userlm,TinyLlama-1.1B-Chat-v1.0,small,piper,faster_whisper,airport_connection,focused_commuter,clean,audio_variant,16,77,high_clarity_caller,high_clarity_operator,ceiling,,,1,1,0,1,0,0,,20260710_222449_b-n0001_02
userlm,TinyLlama-1.1B-Chat-v1.0,small,piper,faster_whisper,airport_connection,focused_commuter,clean,text_only,16,77,high_clarity_caller,high_clarity_operator,ceiling,,,1,1,0,1,0,0,,20260710_222319_b-n0001
userlm,TinyLlama-1.1B-Chat-v1.0,small,piper,faster_whisper,crowded_event_exit,delay_sensitive_traveler,hesitant,audio_variant,6,77,degraded_caller,degraded_operator,challenging,,,1,1,1,0,0,1,1.0,20260710_232827_b-n0001
userlm,TinyLlama-1.1B-Chat-v1.0,small,piper,faster_whisper,crowded_event_exit,delay_sensitive_traveler,hesitant,text_only,6,77,degraded_caller,degraded_operator,challenging,,,1,1,1,0,0,1,1.0,20260710_231726_b-n0001
userlm,TinyLlama-1.1B-Chat-v1.0,small,piper,faster_whisper,crowded_event_exit,focused_commuter,clean,audio_variant,16,42,high_clarity_caller,high_clarity_operator,ceiling,,,1,1,0,1,0,0,,20260710_225423_b-n0001
userlm,TinyLlama-1.1B-Chat-v1.0,small,piper,faster_whisper,crowded_event_exit,focused_commuter,clean,text_only,16,42,high_clarity_caller,high_clarity_operator,ceiling,,,1,1,0,1,0,0,,20260710_225252_b-n0001
userlm,TinyLlama-1.1B-Chat-v1.0,small,piper,faster_whisper,midday_transfer,focused_commuter,clean,audio_variant,16,42,high_clarity_caller,high_clarity_operator,ceiling,,,1,1,1,0,0,0,0.0,20260710_230625_b-n0001
userlm,TinyLlama-1.1B-Chat-v1.0,small,piper,faster_whisper,midday_transfer,focused_commuter,clean,text_only,16,42,high_clarity_caller,high_clarity_operator,ceiling,,,1,1,1,0,0,0,0.0,20260710_225623_b-n0001
userlm,TinyLlama-1.1B-Chat-v1.0,small,piper,faster_whisper,morning_peak_cross_city,crowd_averse_rider,mostly_clean,audio_variant,11,77,neutral_caller,clear_operator,nominal,,,1,1,0,1,0,0,,20260710_222619_b-n0001
userlm,TinyLlama-1.1B-Chat-v1.0,small,piper,faster_whisper,morning_peak_cross_city,crowd_averse_rider,mostly_clean,text_only,11,77,neutral_caller,clear_operator,nominal,,,1,1,0,1,0,0,,20260710_222449_b-n0001
userlm,TinyLlama-1.1B-Chat-v1.0,small,piper,faster_whisper,morning_peak_cross_city,focused_commuter,mostly_clean,audio_variant,11,42,neutral_caller,clear_operator,nominal,,,1,1,1,0,0,1,1.0,20260711_001504_b-n0001
userlm,TinyLlama-1.1B-Chat-v1.0,small,piper,faster_whisper,morning_peak_cross_city,focused_commuter,mostly_clean,text_only,11,42,neutral_caller,clear_operator,nominal,,,1,1,1,0,0,1,1.0,20260711_000430_b-n0001
userlm,TinyLlama-1.1B-Chat-v1.0,small,piper,faster_whisper,morning_peak_cross_city,risk_averse_novice,severe_channel,audio_variant,1,77,barely_understandable_caller,barely_understandable_operator,floor,,,1,1,0,1,0,0,,20260710_225453_b-n0001
userlm,TinyLlama-1.1B-Chat-v1.0,small,piper,faster_whisper,morning_peak_cross_city,risk_averse_novice,severe_channel,text_only,1,77,barely_understandable_caller,barely_understandable_operator,floor,,,1,1,0,1,0,0,,20260710_225323_b-n0001
userlm,TinyLlama-1.1B-Chat-v1.0,small,piper,vosk,airport_connection,crowd_averse_rider,mostly_clean,audio_variant,11,42,neutral_caller,clear_operator,nominal,,,1,1,1,0,0,1,1.0,20260710_223621_b-n0001
userlm,TinyLlama-1.1B-Chat-v1.0,small,piper,vosk,airport_connection,crowd_averse_rider,mostly_clean,text_only,11,42,neutral_caller,clear_operator,nominal,,,1,1,1,0,0,1,1.0,20260710_222620_b-n0001
userlm,TinyLlama-1.1B-Chat-v1.0,small,piper,vosk,airport_connection,focused_commuter,clean,audio_variant,16,42,high_clarity_caller,high_clarity_operator,ceiling,,,1,1,0,1,0,0,,20260711_011337_b-n0001
userlm,TinyLlama-1.1B-Chat-v1.0,small,piper,vosk,airport_connection,focused_commuter,clean,text_only,16,42,high_clarity_caller,high_clarity_operator,ceiling,,,1,1,0,1,0,0,,20260711_011136_b-n0001
userlm,TinyLlama-1.1B-Chat-v1.0,small,piper,vosk,airport_connection,risk_averse_novice,severe_channel,audio_variant,1,77,barely_understandable_caller,barely_understandable_operator,floor,,,1,1,0,1,0,0,,20260710_225152_b-n0001
userlm,TinyLlama-1.1B-Chat-v1.0,small,piper,vosk,airport_connection,risk_averse_novice,severe_channel,text_only,1,77,barely_understandable_caller,barely_understandable_operator,floor,,,1,1,0,1,0,0,,20260710_225052_b-n0001
userlm,TinyLlama-1.1B-Chat-v1.0,small,piper,vosk,crowded_event_exit,crowd_averse_rider,mostly_clean,audio_variant,11,77,neutral_caller,clear_operator,nominal,,,1,1,1,0,0,1,1.0,20260710_230555_b-n0001
userlm,TinyLlama-1.1B-Chat-v1.0,small,piper,vosk,crowded_event_exit,crowd_averse_rider,mostly_clean,text_only,11,77,neutral_caller,clear_operator,nominal,,,1,1,1,0,0,1,1.0,20260710_225553_b-n0001
userlm,TinyLlama-1.1B-Chat-v1.0,small,piper,vosk,crowded_event_exit,risk_averse_novice,severe_channel,audio_variant,1,77,barely_understandable_caller,barely_understandable_operator,floor,,,1,1,1,0,0,0,0.0,20260710_235830_b-n0001
userlm,TinyLlama-1.1B-Chat-v1.0,small,piper,vosk,crowded_event_exit,risk_averse_novice,severe_channel,text_only,1,77,barely_understandable_caller,barely_understandable_operator,floor,,,1,1,1,0,0,1,1.0,20260710_234729_b-n0001
userlm,TinyLlama-1.1B-Chat-v1.0,small,piper,vosk,midday_transfer,crowd_averse_rider,mostly_clean,audio_variant,11,77,neutral_caller,clear_operator,nominal,,,1,1,1,0,0,1,1.0,20260710_233127_b-n0001
userlm,TinyLlama-1.1B-Chat-v1.0,small,piper,vosk,midday_transfer,crowd_averse_rider,mostly_clean,text_only,11,77,neutral_caller,clear_operator,nominal,,,1,1,1,0,0,1,1.0,20260710_232126_b-n0001_02
userlm,TinyLlama-1.1B-Chat-v1.0,small,piper,vosk,midday_transfer,delay_sensitive_traveler,hesitant,audio_variant,6,42,degraded_caller,degraded_operator,challenging,,,1,1,1,0,0,0,0.0,20260710_235630_b-n0001
userlm,TinyLlama-1.1B-Chat-v1.0,small,piper,vosk,midday_transfer,delay_sensitive_traveler,hesitant,text_only,6,42,degraded_caller,degraded_operator,challenging,,,1,1,1,0,0,1,1.0,20260710_234459_b-n0001
userlm,TinyLlama-1.1B-Chat-v1.0,small,piper,vosk,midday_transfer,focused_commuter,clean,audio_variant,16,42,high_clarity_caller,high_clarity_operator,ceiling,,,1,1,1,0,0,0,0.0,20260711_010136_b-n0001
userlm,TinyLlama-1.1B-Chat-v1.0,small,piper,vosk,midday_transfer,focused_commuter,clean,text_only,16,42,high_clarity_caller,high_clarity_operator,ceiling,,,1,1,1,0,0,0,0.0,20260711_005135_b-n0001
userlm,TinyLlama-1.1B-Chat-v1.0,small,piper,vosk,midday_transfer,risk_averse_novice,severe_channel,audio_variant,1,42,barely_understandable_caller,barely_understandable_operator,floor,,,1,1,1,0,0,0,0.0,20260710_221619_b-n0001
userlm,TinyLlama-1.1B-Chat-v1.0,small,piper,vosk,midday_transfer,risk_averse_novice,severe_channel,text_only,1,42,barely_understandable_caller,barely_understandable_operator,floor,,,1,1,1,0,0,0,0.0,20260710_220448_b-n0001
userlm,TinyLlama-1.1B-Chat-v1.0,small,piper,vosk,morning_peak_cross_city,crowd_averse_rider,clean,audio_variant,16,42,high_clarity_caller,high_clarity_operator,ceiling,,,1,1,1,0,0,1,1.0,20260711_012109_b-n0001
userlm,TinyLlama-1.1B-Chat-v1.0,small,piper,vosk,morning_peak_cross_city,crowd_averse_rider,clean,text_only,16,42,high_clarity_caller,high_clarity_operator,ceiling,,,1,1,1,0,0,1,1.0,20260711_011036_b-n0001
userlm,TinyLlama-1.1B-Chat-v1.0,small,piper,vosk,morning_peak_cross_city,crowd_averse_rider,hesitant,audio_variant,6,42,degraded_caller,degraded_operator,challenging,,,1,1,1,0,0,0,0.0,20260711_014510_b-n0001
userlm,TinyLlama-1.1B-Chat-v1.0,small,piper,vosk,morning_peak_cross_city,crowd_averse_rider,hesitant,text_only,6,42,degraded_caller,degraded_operator,challenging,,,1,1,1,0,0,1,1.0,20260711_013438_b-n0001
userlm,TinyLlama-1.1B-Chat-v1.0,small,piper,vosk,morning_peak_cross_city,crowd_averse_rider,severe_channel,audio_variant,1,42,barely_understandable_caller,barely_understandable_operator,floor,,,1,1,1,0,0,0,0.0,20260710_233429_b-n0001
userlm,TinyLlama-1.1B-Chat-v1.0,small,piper,vosk,morning_peak_cross_city,crowd_averse_rider,severe_channel,text_only,1,42,barely_understandable_caller,barely_understandable_operator,floor,,,1,1,1,0,0,0,0.0,20260710_232126_b-n0001
userlm,TinyLlama-1.1B-Chat-v1.0,small,piper,vosk,morning_peak_cross_city,delay_sensitive_traveler,clean,audio_variant,16,42,high_clarity_caller,high_clarity_operator,ceiling,,,1,1,1,0,0,1,1.0,20260710_234829_b-n0001
userlm,TinyLlama-1.1B-Chat-v1.0,small,piper,vosk,morning_peak_cross_city,delay_sensitive_traveler,clean,text_only,16,42,high_clarity_caller,high_clarity_operator,ceiling,,,1,1,1,0,0,1,1.0,20260710_233828_b-n0001
userlm,TinyLlama-1.1B-Chat-v1.0,small,piper,vosk,morning_peak_cross_city,delay_sensitive_traveler,hesitant,audio_variant,6,42,degraded_caller,degraded_operator,challenging,,,1,1,1,0,0,0,0.0,20260710_224022_b-n0001
userlm,TinyLlama-1.1B-Chat-v1.0,small,piper,vosk,morning_peak_cross_city,delay_sensitive_traveler,hesitant,text_only,6,42,degraded_caller,degraded_operator,challenging,,,1,1,1,0,0,1,1.0,20260710_222749_b-n0001
userlm,TinyLlama-1.1B-Chat-v1.0,small,piper,vosk,morning_peak_cross_city,delay_sensitive_traveler,mostly_clean,audio_variant,11,42,neutral_caller,clear_operator,nominal,,,1,1,1,0,0,1,1.0,20260711_000932_b-n0001
userlm,TinyLlama-1.1B-Chat-v1.0,small,piper,vosk,morning_peak_cross_city,delay_sensitive_traveler,mostly_clean,text_only,11,42,neutral_caller,clear_operator,nominal,,,1,1,1,0,0,1,1.0,20260711_000030_b-n0001
userlm,TinyLlama-1.1B-Chat-v1.0,small,piper,vosk,morning_peak_cross_city,delay_sensitive_traveler,severe_channel,audio_variant,1,42,barely_understandable_caller,barely_understandable_operator,floor,,,1,1,1,0,0,0,0.0,20260711_003303_b-n0001
userlm,TinyLlama-1.1B-Chat-v1.0,small,piper,vosk,morning_peak_cross_city,delay_sensitive_traveler,severe_channel,text_only,1,42,barely_understandable_caller,barely_understandable_operator,floor,,,1,1,1,0,0,1,1.0,20260711_002202_b-n0001
userlm,TinyLlama-1.1B-Chat-v1.0,small,piper,vosk,morning_peak_cross_city,focused_commuter,clean,audio_variant,16,42,high_clarity_caller,high_clarity_operator,ceiling,,,13,13,13,0,0,7,0.5384615384615384,20260710_221318_b-n0001;20260710_234803_b-n0001;20260711_001301_b-n0001;20260711_001901_b-n0001;20260711_003733_b-n0001;20260711_004003_b-n0001;20260711_010106_b-n0001;20260711_012438_b-n0001;20260711_012539_b-n0001;20260711_014439_b-n0001;20260711_014809_b-n0001;20260711_020514_b-n0001;20260711_021015_b-n0001
userlm,TinyLlama-1.1B-Chat-v1.0,small,piper,vosk,morning_peak_cross_city,focused_commuter,clean,text_only,16,42,high_clarity_caller,high_clarity_operator,ceiling,,,13,13,13,0,0,13,1.0,20260710_220317_b-n0001;20260710_233732_b-n0001;20260711_000230_b-n0001;20260711_000931_b-n0001;20260711_002702_b-n0001;20260711_003003_b-n0001;20260711_005005_b-n0001;20260711_011506_b-n0001;20260711_011506_b-n0001_02;20260711_013509_b-n0001;20260711_013739_b-n0001;20260711_015512_b-n0001;20260711_020012_b-n0001
userlm,TinyLlama-1.1B-Chat-v1.0,small,piper,vosk,morning_peak_cross_city,focused_commuter,hesitant,audio_variant,6,42,degraded_caller,degraded_operator,challenging,,,1,1,1,0,0,0,0.0,20260711_004234_b-n0001
userlm,TinyLlama-1.1B-Chat-v1.0,small,piper,vosk,morning_peak_cross_city,focused_commuter,hesitant,text_only,6,42,degraded_caller,degraded_operator,challenging,,,1,1,1,0,0,1,1.0,20260711_003203_b-n0001
userlm,TinyLlama-1.1B-Chat-v1.0,small,piper,vosk,morning_peak_cross_city,focused_commuter,severe_channel,audio_variant,1,42,barely_understandable_caller,barely_understandable_operator,floor,,,1,1,1,0,0,0,0.0,20260711_010706_b-n0001
userlm,TinyLlama-1.1B-Chat-v1.0,small,piper,vosk,morning_peak_cross_city,focused_commuter,severe_channel,text_only,1,42,barely_understandable_caller,barely_understandable_operator,floor,,,1,1,1,0,0,1,1.0,20260711_005605_b-n0001
userlm,TinyLlama-1.1B-Chat-v1.0,small,piper,vosk,morning_peak_cross_city,risk_averse_novice,clean,audio_variant,16,42,high_clarity_caller,high_clarity_operator,ceiling,,,1,1,1,0,0,1,1.0,20260711_004736_b-n0001
userlm,TinyLlama-1.1B-Chat-v1.0,small,piper,vosk,morning_peak_cross_city,risk_averse_novice,clean,text_only,16,42,high_clarity_caller,high_clarity_operator,ceiling,,,1,1,1,0,0,1,1.0,20260711_003633_b-n0001
userlm,TinyLlama-1.1B-Chat-v1.0,small,piper,vosk,morning_peak_cross_city,risk_averse_novice,hesitant,audio_variant,6,42,degraded_caller,degraded_operator,challenging,,,1,1,1,0,0,0,0.0,20260711_013709_b-n0001
userlm,TinyLlama-1.1B-Chat-v1.0,small,piper,vosk,morning_peak_cross_city,risk_averse_novice,hesitant,text_only,6,42,degraded_caller,degraded_operator,challenging,,,1,1,1,0,0,1,1.0,20260711_012638_b-n0001
userlm,TinyLlama-1.1B-Chat-v1.0,small,piper,vosk,morning_peak_cross_city,risk_averse_novice,mostly_clean,audio_variant,11,42,neutral_caller,clear_operator,nominal,,,1,1,1,0,0,0,0.0,20260711_011136_b-n0001_02
userlm,TinyLlama-1.1B-Chat-v1.0,small,piper,vosk,morning_peak_cross_city,risk_averse_novice,mostly_clean,text_only,11,42,neutral_caller,clear_operator,nominal,,,1,1,1,0,0,1,1.0,20260711_010107_b-n0001
