source_run,agent_a_type,agent_b_model,configured_tts_engine,configured_asr_engine,speech_performance_band,expected_rank,condition_count,task_success_rate,route_validity_rate,constraint_satisfaction_rate,mean_automatic_eval_score,mean_word_error_rate,mean_entity_error_rate,mean_repair_success_rate,mean_turn_count,mean_runtime_sec,complete_band_set,automatic_eval_order_monotonic,automatic_eval_order_tolerance,task_success_order_monotonic,ceiling_minus_floor_automatic_eval,ceiling_minus_floor_task_success
20260711_153746_b-n0001,userlm,Phi-3-mini-4k-instruct,piper,vosk,ceiling,3,1,1.0,1.0,1.0,0.9165,0.1929,0.7895,1.0,17.0,759.4870686871,False,False,0.02,False,,
20260711_155448_b-n0001,userlm,Phi-3-mini-4k-instruct,piper,faster_whisper,nominal,2,1,0.0,0.0,0.0,0.1125,0.0,0.0,1.0,0.0,2.1818315889686346,False,False,0.02,False,,
20260711_161151_b-n0001,userlm,Phi-3-mini-4k-instruct,piper,vosk,challenging,1,1,1.0,1.0,1.0,0.9286,0.3091,0.8214,1.0,15.0,859.8985666770022,False,False,0.02,False,,
20260711_162955_b-n0001,userlm,Phi-3-mini-4k-instruct,piper,faster_whisper,floor,0,1,0.0,0.0,0.0,0.1125,0.0,0.0,1.0,0.0,2.0171694681048393,False,False,0.02,False,,
20260711_163155_b-n0001,userlm,Phi-3-mini-4k-instruct,piper,vosk,floor,0,1,0.0,0.0,0.0,0.0597,0.75,1.0,0.0,15.0,94.87387280608527,False,False,0.02,False,,
20260711_163726_b-n0001,userlm,Phi-3-mini-4k-instruct,piper,faster_whisper,ceiling,3,1,0.0,0.0,0.0,0.1125,0.0,0.0,1.0,0.0,5.7410262250341475,False,False,0.02,False,,
20260711_164528_b-n0001,userlm,Phi-3-mini-4k-instruct,piper,faster_whisper,ceiling,3,1,1.0,1.0,1.0,0.9245,0.0183,0.0,1.0,13.0,822.5976002849638,False,False,0.02,False,,
20260711_164958_b-n0001,userlm,Phi-3-mini-4k-instruct,piper,vosk,nominal,2,1,1.0,1.0,1.0,0.8974,0.2135,0.8889,1.0,17.0,859.3689947449602,False,False,0.02,False,,
20260711_170831_b-n0001,userlm,Phi-3-mini-4k-instruct,piper,faster_whisper,challenging,1,1,0.0,0.0,0.0,0.1125,0.0,0.0,1.0,0.0,2.3372060828842223,False,False,0.02,False,,
20260711_171032_b-n0001,userlm,Phi-3-mini-4k-instruct,piper,vosk,floor,0,1,0.0,0.0,0.0,0.1125,0.0,0.0,1.0,0.0,2.3264339070301503,False,False,0.02,False,,
20260711_171232_b-n0001,userlm,Phi-3-mini-4k-instruct,piper,faster_whisper,ceiling,3,1,0.0,0.0,0.0,0.1125,0.0,0.0,1.0,0.0,2.0347889149561524,False,False,0.02,False,,
20260711_171302_b-n0001,userlm,Phi-3-mini-4k-instruct,piper,vosk,nominal,2,1,1.0,1.0,1.0,0.9604,0.1788,1.0,1.0,11.0,650.5349823490251,False,False,0.02,False,,
20260711_171332_b-n0001_02,userlm,Phi-3-mini-4k-instruct,piper,faster_whisper,challenging,1,1,1.0,1.0,1.0,0.9258,0.0745,0.129,1.0,13.0,839.0071762588341,False,False,0.02,False,,
20260711_172504_b-n0001,userlm,Phi-3-mini-4k-instruct,piper,vosk,nominal,2,1,1.0,1.0,1.0,0.9514,0.2674,1.0,1.0,11.0,597.0011858060025,False,False,0.02,False,,
20260711_173837_b-n0001,userlm,Phi-3-mini-4k-instruct,piper,vosk,challenging,1,1,0.0,0.0,0.0,0.1072,0.1951,1.0,0.5,20.0,508.2542616899591,False,False,0.02,False,,
20260711_174516_b-n0001,userlm,Phi-3-mini-4k-instruct,piper,vosk,floor,0,1,0.0,0.0,0.0,0.059,0.8095,1.0,0.0,9.0,83.09607618092559,False,False,0.02,False,,
20260711_175510_b-n0001,userlm,Phi-3-mini-4k-instruct,piper,vosk,ceiling,3,1,1.0,1.0,1.0,0.9343,0.2368,0.8,1.0,15.0,656.4549577811267,False,False,0.02,False,,
20260711_175910_b-n0001,userlm,Phi-3-mini-4k-instruct,piper,vosk,floor,0,1,0.0,0.0,0.0,0.0606,0.741,1.0,0.0,19.0,101.00078226183541,False,False,0.02,False,,
20260711_180141_b-n0001,userlm,Phi-3-mini-4k-instruct,piper,faster_whisper,nominal,2,1,1.0,1.0,1.0,0.97,0.0929,0.0,1.0,11.0,695.5635611300822,False,False,0.02,False,,
20260711_180311_b-n0001,userlm,Phi-3-mini-4k-instruct,piper,vosk,ceiling,3,1,1.0,1.0,1.0,0.9064,0.1862,0.7826,1.0,20.0,854.5813456061296,False,False,0.02,False,,
20260711_181543_b-n0001_02,userlm,Phi-3-mini-4k-instruct,piper,vosk,ceiling,3,1,1.0,1.0,1.0,0.9408,0.247,0.931,1.0,17.0,709.3097609870601,False,False,0.02,False,,
20260711_182113_b-n0001,userlm,Phi-3-mini-4k-instruct,piper,vosk,ceiling,3,1,1.0,1.0,1.0,0.9535,0.2315,0.7917,1.0,13.0,609.606683540158,False,False,0.02,False,,
20260711_182744_b-n0001,userlm,Phi-3-mini-4k-instruct,piper,vosk,challenging,1,1,1.0,1.0,1.0,0.9019,0.3506,0.9211,1.0,20.0,836.9156620190479,False,False,0.02,False,,
20260711_183216_b-n0001,userlm,Phi-3-mini-4k-instruct,piper,vosk,ceiling,3,1,1.0,1.0,1.0,0.9125,0.1943,0.7619,1.0,20.0,892.697015959071,False,False,0.02,False,,
20260711_184217_b-n0001,userlm,Phi-3-mini-4k-instruct,piper,vosk,nominal,2,1,1.0,1.0,1.0,0.9543,0.2201,0.84,1.0,13.0,636.2337289191782,False,False,0.02,False,,
20260711_184617_b-n0001,userlm,Phi-3-mini-4k-instruct,piper,vosk,ceiling,3,1,1.0,1.0,1.0,0.9173,0.1811,0.7895,1.0,17.0,749.9895908629987,False,False,0.02,False,,
20260711_185748_b-n0001,userlm,Phi-3-mini-4k-instruct,piper,vosk,floor,0,1,0.0,0.0,0.0,0.0565,0.7656,1.0,0.0,19.0,114.2795728680212,False,False,0.02,False,,
20260711_190419_b-n0001,userlm,Phi-3-mini-4k-instruct,piper,vosk,ceiling,3,1,1.0,1.0,1.0,0.9105,0.186,0.9545,1.0,15.0,605.4165147489402,False,False,0.02,False,,
20260711_190720_b-n0001,userlm,Phi-3-mini-4k-instruct,piper,vosk,floor,0,1,0.0,0.0,0.0,0.0652,0.8193,1.0,1.0,5.0,33.4929390931502,False,False,0.02,False,,
20260711_191321_b-n0001,userlm,Phi-3-mini-4k-instruct,piper,vosk,ceiling,3,1,1.0,1.0,1.0,0.9543,0.224,0.7917,1.0,11.0,618.6711938818917,False,False,0.02,False,,
20260711_191451_b-n0001,userlm,Phi-3-mini-4k-instruct,piper,vosk,ceiling,3,1,1.0,1.0,1.0,0.9515,0.2475,0.9167,1.0,13.0,587.2666361921001,False,False,0.02,False,,
20260711_191821_b-n0001,userlm,Phi-3-mini-4k-instruct,piper,vosk,ceiling,3,1,0.0,0.0,0.0,0.1125,0.0,0.0,1.0,0.0,3.404913071077317,False,False,0.02,False,,
20260711_192121_b-n0001,userlm,Phi-3-mini-4k-instruct,piper,vosk,ceiling,3,1,1.0,1.0,1.0,0.9421,0.2236,0.84,1.0,17.0,703.5017100190744,False,False,0.02,False,,
20260711_193053_b-n0001,userlm,Phi-3-mini-4k-instruct,piper,vosk,ceiling,3,1,1.0,1.0,1.0,0.954,0.2293,0.8333,1.0,13.0,617.9769159709103,False,False,0.02,False,,
20260711_193754_b-n0001,userlm,Phi-3-mini-4k-instruct,piper,vosk,ceiling,3,1,1.0,1.0,1.0,0.9537,0.2315,0.7917,1.0,13.0,620.9923252949957,False,False,0.02,False,,
20260711_193924_b-n0001,userlm,Phi-3-mini-4k-instruct,piper,vosk,challenging,1,1,1.0,1.0,1.0,0.9113,0.3176,0.9091,1.0,20.0,958.4046905429568,False,False,0.02,False,,
20260711_194755_b-n0001,userlm,Phi-3-mini-4k-instruct,piper,vosk,nominal,2,1,1.0,1.0,1.0,0.9536,0.2289,0.8333,1.0,13.0,637.6360855570529,False,False,0.02,False,,
20260711_195556_b-n0001,userlm,Phi-3-mini-4k-instruct,piper,vosk,ceiling,3,1,1.0,1.0,1.0,0.907,0.1866,0.7727,1.0,20.0,799.735936753219,False,False,0.02,False,,
20260712_145858_b-n0001,userlm,Phi-3-mini-4k-instruct,piper,vosk,ceiling,3,1,0.0,0.0,0.0,0.1125,0.0,0.0,1.0,0.0,3.2412310261279345,False,False,0.02,False,,
20260712_145859_b-n0001,userlm,Phi-3-mini-4k-instruct,piper,vosk,nominal,2,1,0.0,0.0,0.0,0.1125,0.0,0.0,1.0,0.0,1.6888099529314786,False,False,0.02,False,,
20260712_150159_b-n0001,userlm,Phi-3-mini-4k-instruct,piper,vosk,challenging,1,1,0.0,0.0,0.0,0.1125,0.0,0.0,1.0,0.0,1.8369979760609567,False,False,0.02,False,,
20260712_150200_b-n0001,userlm,Phi-3-mini-4k-instruct,piper,vosk,challenging,1,1,0.0,0.0,0.0,0.1125,0.0,0.0,1.0,0.0,1.376945808995515,False,False,0.02,False,,
20260712_150330_b-n0001_02,userlm,Phi-3-mini-4k-instruct,piper,vosk,nominal,2,1,0.0,0.0,0.0,0.1125,0.0,0.0,1.0,0.0,1.407280748942867,False,False,0.02,False,,
20260712_150501_b-n0001,userlm,Phi-3-mini-4k-instruct,piper,vosk,floor,0,1,0.0,0.0,0.0,0.1125,0.0,0.0,1.0,0.0,1.8670659160707146,False,False,0.02,False,,
20260712_150502_b-n0001,userlm,Phi-3-mini-4k-instruct,piper,faster_whisper,ceiling,3,1,0.0,0.0,0.0,0.1125,0.0,0.0,1.0,0.0,3.6113833819981664,False,False,0.02,False,,
20260712_150631_b-n0001_02,userlm,Phi-3-mini-4k-instruct,piper,faster_whisper,ceiling,3,1,0.0,0.0,0.0,0.1125,0.0,0.0,1.0,0.0,1.9761429831851274,False,False,0.02,False,,
20260712_150802_b-n0001,userlm,Phi-3-mini-4k-instruct,piper,vosk,challenging,1,1,0.0,0.0,0.0,0.1125,0.0,0.0,1.0,0.0,3.324901842046529,False,False,0.02,False,,
20260712_150803_b-n0001,userlm,Phi-3-mini-4k-instruct,piper,faster_whisper,challenging,1,1,0.0,0.0,0.0,0.1125,0.0,0.0,1.0,0.0,1.7581095870118588,False,False,0.02,False,,
20260712_150932_b-n0001,userlm,Phi-3-mini-4k-instruct,piper,vosk,nominal,2,1,0.0,0.0,0.0,0.1125,0.0,0.0,1.0,0.0,1.71874460298568,False,False,0.02,False,,
20260712_151103_b-n0001,userlm,Phi-3-mini-4k-instruct,piper,vosk,floor,0,1,0.0,0.0,0.0,0.1125,0.0,0.0,1.0,0.0,3.2199083911255,False,False,0.02,False,,
20260712_151103_b-n0001_02,userlm,Phi-3-mini-4k-instruct,piper,vosk,floor,0,1,0.0,0.0,0.0,0.1125,0.0,0.0,1.0,0.0,1.7254880359396338,False,False,0.02,False,,
20260712_151233_b-n0001,userlm,Phi-3-mini-4k-instruct,piper,vosk,challenging,1,1,0.0,0.0,0.0,0.1125,0.0,0.0,1.0,0.0,1.4154382520355284,False,False,0.02,False,,
20260712_151405_b-n0001,userlm,Phi-3-mini-4k-instruct,piper,vosk,ceiling,3,1,0.0,0.0,0.0,0.1125,0.0,0.0,1.0,0.0,1.3727100680116564,False,False,0.02,False,,
20260712_151405_b-n0001_03,userlm,Phi-3-mini-4k-instruct,piper,faster_whisper,nominal,2,1,0.0,0.0,0.0,0.1125,0.0,0.0,1.0,0.0,3.2510755250696093,False,False,0.02,False,,
20260712_151535_b-n0001,userlm,Phi-3-mini-4k-instruct,piper,vosk,floor,0,1,0.0,0.0,0.0,0.1125,0.0,0.0,1.0,0.0,1.3751111479941756,False,False,0.02,False,,
20260712_151705_b-n0001,userlm,Phi-3-mini-4k-instruct,piper,vosk,nominal,2,1,0.0,0.0,0.0,0.1125,0.0,0.0,1.0,0.0,1.3655745128635317,False,False,0.02,False,,
20260712_151705_b-n0001_02,userlm,Phi-3-mini-4k-instruct,piper,vosk,nominal,2,1,0.0,0.0,0.0,0.1125,0.0,0.0,1.0,0.0,1.4026773618534207,False,False,0.02,False,,
20260712_151836_b-n0001_03,userlm,Phi-3-mini-4k-instruct,piper,vosk,ceiling,3,1,0.0,0.0,0.0,0.1125,0.0,0.0,1.0,0.0,1.3704511718824506,False,False,0.02,False,,
20260712_152007_b-n0001_02,userlm,Phi-3-mini-4k-instruct,piper,vosk,floor,0,1,0.0,0.0,0.0,0.1125,0.0,0.0,1.0,0.0,1.3593929528724402,False,False,0.02,False,,
20260712_152008_b-n0001,userlm,Phi-3-mini-4k-instruct,piper,vosk,challenging,1,1,0.0,0.0,0.0,0.1125,0.0,0.0,1.0,0.0,1.375102958874777,False,False,0.02,False,,
20260712_152137_b-n0001,userlm,Phi-3-mini-4k-instruct,piper,vosk,ceiling,3,1,0.0,0.0,0.0,0.1125,0.0,0.0,1.0,0.0,3.3256518971174955,False,False,0.02,False,,
20260712_152308_b-n0001_02,userlm,Phi-3-mini-4k-instruct,piper,vosk,ceiling,3,1,0.0,0.0,0.0,0.1125,0.0,0.0,1.0,0.0,1.4612320631276816,False,False,0.02,False,,
20260712_152308_b-n0001_03,userlm,Phi-3-mini-4k-instruct,piper,vosk,ceiling,3,1,0.0,0.0,0.0,0.1125,0.0,0.0,1.0,0.0,3.4192255770321935,False,False,0.02,False,,
20260712_152442_b-n0001,userlm,Phi-3-mini-4k-instruct,piper,vosk,ceiling,3,1,0.0,0.0,0.0,0.1125,0.0,0.0,1.0,0.0,3.423538853181526,False,False,0.02,False,,
20260712_152609_b-n0001,userlm,Phi-3-mini-4k-instruct,piper,vosk,ceiling,3,1,0.0,0.0,0.0,0.1125,0.0,0.0,1.0,0.0,3.2116213790141046,False,False,0.02,False,,
20260712_152612_b-n0001_02,userlm,Phi-3-mini-4k-instruct,piper,vosk,ceiling,3,1,0.0,0.0,0.0,0.1125,0.0,0.0,1.0,0.0,3.3962818069849163,False,False,0.02,False,,
20260712_152743_b-n0001,userlm,Phi-3-mini-4k-instruct,piper,vosk,ceiling,3,1,0.0,0.0,0.0,0.1125,0.0,0.0,1.0,0.0,3.4558212228585035,False,False,0.02,False,,
20260712_152942_b-n0001,userlm,Phi-3-mini-4k-instruct,piper,vosk,ceiling,3,1,0.0,0.0,0.0,0.1125,0.0,0.0,1.0,0.0,3.1432990699540824,False,False,0.02,False,,
20260712_152942_b-n0001_02,userlm,Phi-3-mini-4k-instruct,piper,vosk,ceiling,3,1,0.0,0.0,0.0,0.1125,0.0,0.0,1.0,0.0,3.1654763768892735,False,False,0.02,False,,
20260712_153112_b-n0001,userlm,Phi-3-mini-4k-instruct,piper,vosk,ceiling,3,1,0.0,0.0,0.0,0.1125,0.0,0.0,1.0,0.0,3.6621178830973804,False,False,0.02,False,,
20260712_153243_b-n0001,userlm,Phi-3-mini-4k-instruct,piper,vosk,ceiling,3,1,0.0,0.0,0.0,0.1125,0.0,0.0,1.0,0.0,3.6361517240293324,False,False,0.02,False,,
20260712_153318_b-n0001,userlm,Phi-3-mini-4k-instruct,piper,vosk,ceiling,3,1,0.0,0.0,0.0,0.1125,0.0,0.0,1.0,0.0,3.8821482830680907,False,False,0.02,False,,
20260712_153447_b-n0001,userlm,Phi-3-mini-4k-instruct,piper,vosk,ceiling,3,1,0.0,0.0,0.0,0.1125,0.0,0.0,1.0,0.0,3.4988041911274195,False,False,0.02,False,,
20260712_153848_b-n0001,userlm,Phi-3-mini-4k-instruct,piper,vosk,ceiling,3,1,0.0,0.0,0.0,0.1125,0.0,0.0,1.0,0.0,3.4461530591361225,False,False,0.02,False,,
20260712_192111_b-n0001,userlm,Phi-3-mini-4k-instruct,piper,vosk,nominal,2,1,0.0,0.0,0.0,0.1125,0.0,0.0,1.0,0.0,1.9304645371157676,False,False,0.02,False,,
20260712_192208_b-n0001,userlm,Phi-3-mini-4k-instruct,piper,vosk,ceiling,3,1,0.0,0.0,0.0,0.1125,0.0,0.0,1.0,0.0,4.610541656147689,False,False,0.02,False,,
20260712_192534_b-n0001,userlm,Phi-3-mini-4k-instruct,piper,vosk,challenging,1,1,0.0,0.0,0.0,0.1125,0.0,0.0,1.0,0.0,3.410493382019922,False,False,0.02,False,,
20260712_192611_b-n0001,userlm,Phi-3-mini-4k-instruct,piper,vosk,challenging,1,1,0.0,0.0,0.0,0.1125,0.0,0.0,1.0,0.0,1.3601958060171455,False,False,0.02,False,,
20260712_193817_b-n0001,userlm,Phi-3-mini-4k-instruct,piper,faster_whisper,ceiling,3,1,0.0,0.0,0.0,0.1125,0.0,0.0,1.0,0.0,2.719422728056088,False,False,0.02,False,,
20260712_193838_b-n0001,userlm,Phi-3-mini-4k-instruct,piper,faster_whisper,ceiling,3,1,0.0,0.0,0.0,0.1125,0.0,0.0,1.0,0.0,3.502928738016635,False,False,0.02,False,,
20260712_193850_b-n0001,userlm,Phi-3-mini-4k-instruct,piper,vosk,floor,0,1,0.0,0.0,0.0,0.1125,0.0,0.0,1.0,0.0,1.8947028340771794,False,False,0.02,False,,
20260712_194121_b-n0001,userlm,Phi-3-mini-4k-instruct,piper,vosk,nominal,2,1,0.0,0.0,0.0,0.1125,0.0,0.0,1.0,0.0,2.122111110948026,False,False,0.02,False,,
20260712_194140_b-n0001,userlm,Phi-3-mini-4k-instruct,piper,vosk,floor,0,1,0.0,0.0,0.0,0.1125,0.0,0.0,1.0,0.0,1.7432219870388508,False,False,0.02,False,,
20260712_194248_b-n0001,userlm,Phi-3-mini-4k-instruct,piper,vosk,nominal,2,1,0.0,0.0,0.0,0.1125,0.0,0.0,1.0,0.0,1.8967778189107776,False,False,0.02,False,,
20260712_194345_b-n0001,userlm,Phi-3-mini-4k-instruct,piper,vosk,ceiling,3,1,0.0,0.0,0.0,0.1125,0.0,0.0,1.0,0.0,1.3747491009999067,False,False,0.02,False,,
20260712_194442_b-n0001,userlm,Phi-3-mini-4k-instruct,piper,faster_whisper,challenging,1,1,0.0,0.0,0.0,0.1125,0.0,0.0,1.0,0.0,1.7497935418505222,False,False,0.02,False,,
20260712_194443_b-n0001,userlm,Phi-3-mini-4k-instruct,piper,vosk,ceiling,3,1,0.0,0.0,0.0,0.1125,0.0,0.0,1.0,0.0,1.888569168979302,False,False,0.02,False,,
20260712_194512_b-n0001,userlm,Phi-3-mini-4k-instruct,piper,faster_whisper,nominal,2,1,0.0,0.0,0.0,0.1125,0.0,0.0,1.0,0.0,3.2180959479883313,False,False,0.02,False,,
20260712_194724_b-n0001,userlm,Phi-3-mini-4k-instruct,piper,vosk,challenging,1,1,0.0,0.0,0.0,0.1125,0.0,0.0,1.0,0.0,1.3770280331373215,False,False,0.02,False,,
20260712_194843_b-n0001,userlm,Phi-3-mini-4k-instruct,piper,vosk,nominal,2,1,0.0,0.0,0.0,0.1125,0.0,0.0,1.0,0.0,1.3607327518984675,False,False,0.02,False,,
20260712_194914_b-n0001,userlm,Phi-3-mini-4k-instruct,piper,vosk,challenging,1,1,0.0,0.0,0.0,0.1125,0.0,0.0,1.0,0.0,3.204678369918838,False,False,0.02,False,,
20260712_195022_b-n0001,userlm,Phi-3-mini-4k-instruct,piper,vosk,nominal,2,1,0.0,0.0,0.0,0.1125,0.0,0.0,1.0,0.0,1.622866134159267,False,False,0.02,False,,
20260712_195123_b-n0001,userlm,Phi-3-mini-4k-instruct,piper,vosk,floor,0,1,0.0,0.0,0.0,0.1125,0.0,0.0,1.0,0.0,1.7991858860477805,False,False,0.02,False,,
20260712_195146_b-n0001,userlm,Phi-3-mini-4k-instruct,piper,vosk,floor,0,1,0.0,0.0,0.0,0.1125,0.0,0.0,1.0,0.0,1.3712443860713392,False,False,0.02,False,,
20260712_195216_b-n0001,userlm,Phi-3-mini-4k-instruct,piper,vosk,floor,0,1,0.0,0.0,0.0,0.1125,0.0,0.0,1.0,0.0,3.2225626199506223,False,False,0.02,False,,
20260712_195318_b-n0001_03,userlm,Phi-3-mini-4k-instruct,piper,vosk,challenging,1,1,0.0,0.0,0.0,0.1125,0.0,0.0,1.0,0.0,1.7411384049337357,False,False,0.02,False,,
20260712_195347_b-n0001,userlm,Phi-3-mini-4k-instruct,piper,vosk,ceiling,3,1,0.0,0.0,0.0,0.1125,0.0,0.0,1.0,0.0,3.1470430640038103,False,False,0.02,False,,
20260712_195519_b-n0001,userlm,Phi-3-mini-4k-instruct,piper,vosk,ceiling,3,1,0.0,0.0,0.0,0.1125,0.0,0.0,1.0,0.0,1.3729003758635372,False,False,0.02,False,,
20260712_200322_b-n0001,userlm,Phi-3-mini-4k-instruct,piper,vosk,ceiling,3,1,0.0,0.0,0.0,0.1125,0.0,0.0,1.0,0.0,3.2491234010085464,False,False,0.02,False,,
20260712_200322_b-n0001_02,userlm,Phi-3-mini-4k-instruct,piper,vosk,ceiling,3,1,0.0,0.0,0.0,0.1125,0.0,0.0,1.0,0.0,3.1889213090762496,False,False,0.02,False,,
20260712_200323_b-n0001,userlm,Phi-3-mini-4k-instruct,piper,vosk,ceiling,3,1,0.0,0.0,0.0,0.1125,0.0,0.0,1.0,0.0,3.2329788370989263,False,False,0.02,False,,
20260712_200545_b-n0001,userlm,Phi-3-mini-4k-instruct,piper,faster_whisper,ceiling,3,1,0.0,0.0,0.0,0.1125,0.0,0.0,1.0,0.0,1.4333792610559613,False,False,0.02,False,,
20260712_200623_b-n0001,userlm,Phi-3-mini-4k-instruct,piper,vosk,ceiling,3,1,0.0,0.0,0.0,0.1125,0.0,0.0,1.0,0.0,3.1966636029537767,False,False,0.02,False,,
20260712_200641_b-n0001,userlm,Phi-3-mini-4k-instruct,piper,faster_whisper,ceiling,3,1,0.0,0.0,0.0,0.1125,0.0,0.0,1.0,0.0,3.670300055993721,False,False,0.02,False,,
20260712_200925_b-n0001,userlm,Phi-3-mini-4k-instruct,piper,vosk,ceiling,3,1,0.0,0.0,0.0,0.1125,0.0,0.0,1.0,0.0,3.2695102191064507,False,False,0.02,False,,
20260712_200936_b-n0001,userlm,Phi-3-mini-4k-instruct,piper,faster_whisper,nominal,2,1,0.0,0.0,0.0,0.1125,0.0,0.0,1.0,0.0,2.5860564298927784,False,False,0.02,False,,
20260712_201047_b-n0001,userlm,Phi-3-mini-4k-instruct,piper,faster_whisper,challenging,1,1,0.0,0.0,0.0,0.1125,0.0,0.0,1.0,0.0,3.3132511801086366,False,False,0.02,False,,
20260712_201136_b-n0001,userlm,Phi-3-mini-4k-instruct,piper,faster_whisper,challenging,1,1,0.0,0.0,0.0,0.1125,0.0,0.0,1.0,0.0,1.4196995659731328,False,False,0.02,False,,
20260712_201142_b-n0001,userlm,Phi-3-mini-4k-instruct,piper,faster_whisper,nominal,2,1,0.0,0.0,0.0,0.1125,0.0,0.0,1.0,0.0,1.6774202350061387,False,False,0.02,False,,
20260712_201439_b-n0001,userlm,Phi-3-mini-4k-instruct,piper,faster_whisper,nominal,2,1,0.0,0.0,0.0,0.1125,0.0,0.0,1.0,0.0,1.8722275029867887,False,False,0.02,False,,
20260712_201538_b-n0001,userlm,Phi-3-mini-4k-instruct,piper,faster_whisper,floor,0,1,0.0,0.0,0.0,0.1125,0.0,0.0,1.0,0.0,1.3677048140671104,False,False,0.02,False,,
20260712_201543_b-n0001,userlm,Phi-3-mini-4k-instruct,piper,faster_whisper,ceiling,3,1,0.0,0.0,0.0,0.1125,0.0,0.0,1.0,0.0,1.678248394979164,False,False,0.02,False,,
20260712_201618_b-n0001,userlm,Phi-3-mini-4k-instruct,piper,faster_whisper,ceiling,3,1,0.0,0.0,0.0,0.1125,0.0,0.0,1.0,0.0,1.741272269980982,False,False,0.02,False,,
20260712_201840_b-n0001,userlm,Phi-3-mini-4k-instruct,piper,faster_whisper,challenging,1,1,0.0,0.0,0.0,0.1125,0.0,0.0,1.0,0.0,1.3716717469505966,False,False,0.02,False,,
20260712_202011_b-n0001,userlm,Phi-3-mini-4k-instruct,piper,faster_whisper,nominal,2,1,0.0,0.0,0.0,0.1125,0.0,0.0,1.0,0.0,1.8885898939333856,False,False,0.02,False,,
20260712_202119_b-n0001,userlm,Phi-3-mini-4k-instruct,piper,faster_whisper,floor,0,1,0.0,0.0,0.0,0.1125,0.0,0.0,1.0,0.0,0.9994442148599774,False,False,0.02,False,,
20260712_202210_b-n0001,userlm,Phi-3-mini-4k-instruct,piper,faster_whisper,ceiling,3,1,0.0,0.0,0.0,0.1125,0.0,0.0,1.0,0.0,1.6615868611261249,False,False,0.02,False,,
20260712_202242_b-n0001,userlm,Phi-3-mini-4k-instruct,piper,faster_whisper,floor,0,1,0.0,0.0,0.0,0.1125,0.0,0.0,1.0,0.0,1.78606265806593,False,False,0.02,False,,
20260712_203146_b-n0001,userlm,Phi-3-mini-4k-instruct,piper,faster_whisper,challenging,1,1,0.0,0.0,0.0,0.1125,0.0,0.0,1.0,0.0,2.092262376798317,False,False,0.02,False,,
20260712_203215_b-n0001,userlm,Phi-3-mini-4k-instruct,piper,faster_whisper,nominal,2,1,0.0,0.0,0.0,0.1125,0.0,0.0,1.0,0.0,1.695598806021735,False,False,0.02,False,,
20260712_203215_b-n0001_02,userlm,Phi-3-mini-4k-instruct,piper,faster_whisper,floor,0,1,0.0,0.0,0.0,0.1125,0.0,0.0,1.0,0.0,1.009185817791149,False,False,0.02,False,,
20260712_203622_b-n0001,userlm,Phi-3-mini-4k-instruct,piper,faster_whisper,challenging,1,1,0.0,0.0,0.0,0.1125,0.0,0.0,1.0,0.0,2.765417590038851,False,False,0.02,False,,
20260710_195601_b-n0001,userlm,Qwen2.5-0.5B-Instruct,piper,vosk,ceiling,3,1,1.0,1.0,1.0,0.9076,0.1853,0.7727,1.0,20.0,426.74338492995594,False,False,0.02,False,,
20260710_195601_b-n0001_02,userlm,Qwen2.5-0.5B-Instruct,piper,faster_whisper,challenging,1,1,1.0,1.0,1.0,0.9692,0.085,0.0,1.0,9.0,654.2305019290652,False,False,0.02,False,,
20260710_200803_b-n0001,userlm,Qwen2.5-0.5B-Instruct,piper,vosk,floor,0,1,0.0,0.0,0.0,0.0598,0.7546,1.0,0.0,19.0,109.29653776600026,False,False,0.02,False,,
20260710_200831_b-n0001_02,userlm,Qwen2.5-0.5B-Instruct,piper,vosk,floor,0,1,0.0,0.0,0.0,0.0702,0.7229,1.0,1.0,5.0,31.815111347008497,False,False,0.02,False,,
20260710_201032_b-n0001_02,userlm,Qwen2.5-0.5B-Instruct,piper,faster_whisper,nominal,2,1,0.0,0.0,0.0,0.1125,0.0,0.0,1.0,0.0,2.1356875129276887,False,False,0.02,False,,
20260710_201633_b-n0001,userlm,Qwen2.5-0.5B-Instruct,piper,faster_whisper,ceiling,3,1,0.0,0.0,0.0,0.1125,0.0,0.0,1.0,0.0,5.746902909013443,False,False,0.02,False,,
20260710_201933_b-n0001,userlm,Qwen2.5-0.5B-Instruct,piper,vosk,floor,0,1,0.0,0.0,0.0,0.0703,0.7222,1.0,0.0,9.0,69.0081813170109,False,False,0.02,False,,
20260710_202103_b-n0001,userlm,Qwen2.5-0.5B-Instruct,piper,vosk,ceiling,3,1,1.0,1.0,1.0,0.9531,0.2315,0.963,1.0,13.0,362.9134280559374,False,False,0.02,False,,
20260710_202234_b-n0001,userlm,Qwen2.5-0.5B-Instruct,piper,vosk,challenging,1,1,1.0,1.0,1.0,0.9246,0.3529,0.8571,0.75,20.0,543.2507655170048,False,False,0.02,False,,
20260710_202804_b-n0001,userlm,Qwen2.5-0.5B-Instruct,piper,vosk,nominal,2,1,1.0,1.0,1.0,0.9548,0.2284,0.9583,1.0,11.0,438.5740492020268,False,False,0.02,False,,
20260710_203335_b-n0001,userlm,Qwen2.5-0.5B-Instruct,piper,faster_whisper,nominal,2,1,1.0,1.0,1.0,0.9722,0.0656,0.0,1.0,11.0,626.0136017120676,False,False,0.02,False,,
20260710_203835_b-n0001,userlm,Qwen2.5-0.5B-Instruct,piper,faster_whisper,floor,0,1,0.0,0.0,0.0,0.1125,0.0,0.0,1.0,0.0,2.166379231028259,False,False,0.02,False,,
20260710_203936_b-n0001,userlm,Qwen2.5-0.5B-Instruct,piper,vosk,nominal,2,1,1.0,1.0,1.0,0.9194,0.2014,0.84,1.0,20.0,469.8420179260429,False,False,0.02,False,,
20260710_204107_b-n0001,userlm,Qwen2.5-0.5B-Instruct,piper,faster_whisper,challenging,1,1,0.0,0.0,0.0,0.1125,0.0,0.0,1.0,0.0,2.526029850007035,False,False,0.02,False,,
20260710_204506_b-n0001,userlm,Qwen2.5-0.5B-Instruct,piper,vosk,floor,0,1,0.0,0.0,0.0,0.1125,0.0,0.0,1.0,0.0,2.335461075999774,False,False,0.02,False,,
20260710_204806_b-n0001,userlm,Qwen2.5-0.5B-Instruct,piper,faster_whisper,ceiling,3,1,0.0,0.0,0.0,0.1125,0.0,0.0,1.0,0.0,2.341378378914669,False,False,0.02,False,,
20260710_204906_b-n0001,userlm,Qwen2.5-0.5B-Instruct,piper,faster_whisper,ceiling,3,1,1.0,1.0,1.0,0.9245,0.0218,0.0,1.0,15.0,592.514986715978,False,False,0.02,False,,
20260710_205637_b-n0001,userlm,Qwen2.5-0.5B-Instruct,piper,vosk,challenging,1,1,1.0,1.0,1.0,0.9221,0.3058,0.9118,1.0,20.0,462.64923871902283,False,False,0.02,False,,
20260710_205838_b-n0001,userlm,Qwen2.5-0.5B-Instruct,piper,vosk,nominal,2,1,1.0,1.0,1.0,0.9506,0.2569,1.0,1.0,13.0,460.74818182492163,False,False,0.02,False,,
20260710_205937_b-n0001,userlm,Qwen2.5-0.5B-Instruct,piper,vosk,floor,0,1,0.0,0.0,0.0,0.0556,0.8097,1.0,0.3333,17.0,95.9018562270794,False,False,0.02,False,,
20260710_211109_b-n0001,userlm,Qwen2.5-0.5B-Instruct,piper,vosk,nominal,2,1,1.0,1.0,1.0,0.9612,0.1546,1.0,1.0,13.0,447.5221148780547,False,False,0.02,False,,
20260710_211239_b-n0001,userlm,Qwen2.5-0.5B-Instruct,piper,vosk,ceiling,3,1,1.0,1.0,1.0,0.9308,0.2207,0.8966,1.0,20.0,490.7577708309982,False,False,0.02,False,,
20260710_211810_b-n0001,userlm,Qwen2.5-0.5B-Instruct,piper,vosk,ceiling,3,1,1.0,1.0,1.0,0.9126,0.1957,0.7727,1.0,20.0,468.93644390802365,False,False,0.02,False,,
20260710_211810_b-n0001_02,userlm,Qwen2.5-0.5B-Instruct,piper,vosk,floor,0,1,0.0,0.0,0.0,0.0665,0.723,1.0,0.0,9.0,64.78880556009244,False,False,0.02,False,,
20260710_213012_b-n0001_02,userlm,Qwen2.5-0.5B-Instruct,piper,vosk,challenging,1,1,0.0,1.0,0.0,0.1286,0.2095,1.0,1.0,13.0,179.87326803593896,False,False,0.02,False,,
20260710_213112_b-n0001,userlm,Qwen2.5-0.5B-Instruct,piper,vosk,ceiling,3,1,1.0,1.0,1.0,0.9528,0.2371,0.9167,1.0,13.0,400.1647105830489,False,False,0.02,False,,
20260710_213212_b-n0001,userlm,Qwen2.5-0.5B-Instruct,piper,vosk,nominal,2,1,1.0,1.0,1.0,0.94,0.2578,0.8261,1.0,15.0,414.09848984202836,False,False,0.02,False,,
20260710_213913_b-n0001,userlm,Qwen2.5-0.5B-Instruct,piper,vosk,ceiling,3,1,1.0,1.0,1.0,0.91,0.1672,0.7727,1.0,19.0,406.3582224040292,False,False,0.02,False,,
20260710_214514_b-n0001,userlm,Qwen2.5-0.5B-Instruct,piper,vosk,ceiling,3,1,1.0,1.0,1.0,0.909,0.1744,0.7619,1.0,20.0,395.6609866319923,False,False,0.02,False,,
20260710_215015_b-n0001_02,userlm,Qwen2.5-0.5B-Instruct,piper,vosk,challenging,1,1,1.0,1.0,1.0,0.9268,0.3224,0.8077,1.0,20.0,523.1344101240393,False,False,0.02,False,,
20260710_215015_b-n0001_03,userlm,Qwen2.5-0.5B-Instruct,piper,vosk,challenging,1,1,1.0,1.0,1.0,0.9203,0.3342,0.8718,1.0,20.0,585.0842458109837,False,False,0.02,False,,
20260710_215746_b-n0001,userlm,Qwen2.5-0.5B-Instruct,piper,vosk,ceiling,3,1,1.0,1.0,1.0,0.9516,0.2389,0.8214,1.0,15.0,371.0795262659667,False,False,0.02,False,,
20260710_220447_b-n0001,userlm,Qwen2.5-0.5B-Instruct,piper,vosk,ceiling,3,1,1.0,1.0,1.0,0.9084,0.1782,0.7619,1.0,20.0,408.74894469603896,False,False,0.02,False,,
20260710_221448_b-n0001,userlm,Qwen2.5-0.5B-Instruct,piper,vosk,ceiling,3,1,1.0,1.0,1.0,0.9433,0.1808,0.8333,1.0,19.0,403.20793363801204,False,False,0.02,False,,
20260710_222449_b-n0001,userlm,Qwen2.5-0.5B-Instruct,piper,vosk,ceiling,3,1,1.0,1.0,1.0,0.918,0.1156,1.0,1.0,13.0,277.10714286600705,False,False,0.02,False,,
20260710_223250_b-n0001,userlm,Qwen2.5-0.5B-Instruct,piper,vosk,ceiling,3,1,1.0,1.0,1.0,0.9167,0.185,0.7895,1.0,17.0,388.0500403130427,False,False,0.02,False,,
20260710_223420_b-n0001,userlm,Qwen2.5-0.5B-Instruct,piper,vosk,ceiling,3,1,0.0,0.0,0.0,0.1125,0.0,0.0,1.0,0.0,3.1541502580512315,False,False,0.02,False,,
20260710_224351_b-n0001,userlm,Qwen2.5-0.5B-Instruct,piper,vosk,ceiling,3,1,1.0,1.0,1.0,0.9207,0.1949,0.8,1.0,20.0,415.343225233024,False,False,0.02,False,,
20260710_225222_b-n0001,userlm,Qwen2.5-0.5B-Instruct,piper,vosk,ceiling,3,1,1.0,1.0,1.0,0.9542,0.2159,0.8696,1.0,11.0,376.0469824220054,False,False,0.02,False,,
20260710_230354_b-n0001,userlm,Qwen2.5-0.5B-Instruct,piper,vosk,ceiling,3,1,1.0,1.0,1.0,0.9231,0.1976,0.7778,1.0,17.0,459.75333183293696,False,False,0.02,False,,
20260710_231056_b-n0001,userlm,Qwen2.5-0.5B-Instruct,piper,vosk,ceiling,3,1,1.0,1.0,1.0,0.9566,0.2193,0.8261,1.0,11.0,402.0929650509497,False,False,0.02,False,,
20260710_232430_b-n0001,userlm,Qwen2.5-0.5B-Instruct,piper,vosk,ceiling,3,1,1.0,1.0,1.0,0.9165,0.1631,0.75,1.0,20.0,480.23646947799716,False,False,0.02,False,,
20260712_204515_b-n0001,userlm,Qwen2.5-0.5B-Instruct,piper,vosk,ceiling,3,1,0.0,0.0,0.0,0.1125,0.0,0.0,1.0,0.0,3.1338679948821664,False,False,0.02,False,,
20260712_204810_b-n0001,userlm,Qwen2.5-0.5B-Instruct,piper,vosk,challenging,1,1,0.0,0.0,0.0,0.1125,0.0,0.0,1.0,0.0,1.8313427919056267,False,False,0.02,False,,
20260712_204941_b-n0001,userlm,Qwen2.5-0.5B-Instruct,piper,vosk,nominal,2,1,0.0,0.0,0.0,0.1125,0.0,0.0,1.0,0.0,1.696295266970992,False,False,0.02,False,,
20260712_205114_b-n0001,userlm,Qwen2.5-0.5B-Instruct,piper,faster_whisper,ceiling,3,1,0.0,0.0,0.0,0.1125,0.0,0.0,1.0,0.0,3.7818041380960494,False,False,0.02,False,,
20260712_205244_b-n0001,userlm,Qwen2.5-0.5B-Instruct,piper,vosk,challenging,1,1,0.0,0.0,0.0,0.1125,0.0,0.0,1.0,0.0,1.7921970570459962,False,False,0.02,False,,
20260712_205315_b-n0001,userlm,Qwen2.5-0.5B-Instruct,piper,faster_whisper,ceiling,3,1,0.0,0.0,0.0,0.1125,0.0,0.0,1.0,0.0,2.102533551165834,False,False,0.02,False,,
20260712_205345_b-n0001,userlm,Qwen2.5-0.5B-Instruct,piper,vosk,floor,0,1,0.0,0.0,0.0,0.1125,0.0,0.0,1.0,0.0,1.8476765269879252,False,False,0.02,False,,
20260712_205545_b-n0001,userlm,Qwen2.5-0.5B-Instruct,piper,vosk,floor,0,1,0.0,0.0,0.0,0.1125,0.0,0.0,1.0,0.0,1.970293628051877,False,False,0.02,False,,
20260712_205548_b-n0001,userlm,Qwen2.5-0.5B-Instruct,piper,vosk,ceiling,3,1,0.0,0.0,0.0,0.1125,0.0,0.0,1.0,0.0,1.4887375538237393,False,False,0.02,False,,
20260712_205616_b-n0001,userlm,Qwen2.5-0.5B-Instruct,piper,vosk,nominal,2,1,0.0,0.0,0.0,0.1125,0.0,0.0,1.0,0.0,1.8084358130581677,False,False,0.02,False,,
20260712_205647_b-n0001,userlm,Qwen2.5-0.5B-Instruct,piper,faster_whisper,nominal,2,1,0.0,0.0,0.0,0.1125,0.0,0.0,1.0,0.0,3.455426989123225,False,False,0.02,False,,
20260712_205846_b-n0001,userlm,Qwen2.5-0.5B-Instruct,piper,vosk,nominal,2,1,0.0,0.0,0.0,0.1125,0.0,0.0,1.0,0.0,1.4737976470496505,False,False,0.02,False,,
20260712_205849_b-n0001,userlm,Qwen2.5-0.5B-Instruct,piper,vosk,challenging,1,1,0.0,0.0,0.0,0.1125,0.0,0.0,1.0,0.0,1.639189642155543,False,False,0.02,False,,
20260712_205917_b-n0001,userlm,Qwen2.5-0.5B-Instruct,piper,faster_whisper,challenging,1,1,0.0,0.0,0.0,0.1125,0.0,0.0,1.0,0.0,1.863011026987806,False,False,0.02,False,,
20260712_205948_b-n0001,userlm,Qwen2.5-0.5B-Instruct,piper,vosk,challenging,1,1,0.0,0.0,0.0,0.1125,0.0,0.0,1.0,0.0,3.4397219070233405,False,False,0.02,False,,
20260712_210021_b-n0001,userlm,Qwen2.5-0.5B-Instruct,piper,vosk,ceiling,3,1,0.0,0.0,0.0,0.1125,0.0,0.0,1.0,0.0,1.6038403818383813,False,False,0.02,False,,
20260712_210148_b-n0001,userlm,Qwen2.5-0.5B-Instruct,piper,vosk,floor,0,1,0.0,0.0,0.0,0.1125,0.0,0.0,1.0,0.0,1.4670347271021456,False,False,0.02,False,,
20260712_210249_b-n0001,userlm,Qwen2.5-0.5B-Instruct,piper,vosk,floor,0,1,0.0,0.0,0.0,0.1125,0.0,0.0,1.0,0.0,3.453999541932717,False,False,0.02,False,,
20260712_210321_b-n0001,userlm,Qwen2.5-0.5B-Instruct,piper,vosk,nominal,2,1,0.0,0.0,0.0,0.1125,0.0,0.0,1.0,0.0,1.6356434160843492,False,False,0.02,False,,
20260712_210349_b-n0001,userlm,Qwen2.5-0.5B-Instruct,piper,vosk,nominal,2,1,0.0,0.0,0.0,0.1125,0.0,0.0,1.0,0.0,1.4667981259990484,False,False,0.02,False,,
20260712_210419_b-n0001,userlm,Qwen2.5-0.5B-Instruct,piper,vosk,ceiling,3,1,0.0,0.0,0.0,0.1125,0.0,0.0,1.0,0.0,3.4783856261055917,False,False,0.02,False,,
20260712_210620_b-n0001,userlm,Qwen2.5-0.5B-Instruct,piper,vosk,floor,0,1,0.0,0.0,0.0,0.1125,0.0,0.0,1.0,0.0,1.5030071169603616,False,False,0.02,False,,
20260712_210624_b-n0001,userlm,Qwen2.5-0.5B-Instruct,piper,vosk,ceiling,3,1,0.0,0.0,0.0,0.1125,0.0,0.0,1.0,0.0,3.799772084923461,False,False,0.02,False,,
20260712_210650_b-n0001,userlm,Qwen2.5-0.5B-Instruct,piper,vosk,challenging,1,1,0.0,0.0,0.0,0.1125,0.0,0.0,1.0,0.0,1.4472515010274947,False,False,0.02,False,,
20260712_210720_b-n0001,userlm,Qwen2.5-0.5B-Instruct,piper,vosk,ceiling,3,1,0.0,0.0,0.0,0.1125,0.0,0.0,1.0,0.0,3.405479724984616,False,False,0.02,False,,
20260712_210921_b-n0001,userlm,Qwen2.5-0.5B-Instruct,piper,vosk,ceiling,3,1,0.0,0.0,0.0,0.1125,0.0,0.0,1.0,0.0,1.478922848124057,False,False,0.02,False,,
20260712_210952_b-n0001,userlm,Qwen2.5-0.5B-Instruct,piper,vosk,ceiling,3,1,0.0,0.0,0.0,0.1125,0.0,0.0,1.0,0.0,3.432374184951186,False,False,0.02,False,,
20260712_211021_b-n0001,userlm,Qwen2.5-0.5B-Instruct,piper,vosk,ceiling,3,1,0.0,0.0,0.0,0.1125,0.0,0.0,1.0,0.0,3.3933959051501006,False,False,0.02,False,,
20260712_211107_b-n0001,userlm,Qwen2.5-0.5B-Instruct,piper,faster_whisper,ceiling,3,1,0.0,0.0,0.0,0.1125,0.0,0.0,1.0,0.0,3.786715026013553,False,False,0.02,False,,
20260712_211135_b-n0001,userlm,Qwen2.5-0.5B-Instruct,piper,faster_whisper,ceiling,3,1,0.0,0.0,0.0,0.1125,0.0,0.0,1.0,0.0,1.4508751558605582,False,False,0.02,False,,
20260712_211323_b-n0001,userlm,Qwen2.5-0.5B-Instruct,piper,vosk,ceiling,3,1,0.0,0.0,0.0,0.1125,0.0,0.0,1.0,0.0,3.49136623297818,False,False,0.02,False,,
20260712_211535_b-n0001,userlm,Qwen2.5-0.5B-Instruct,piper,faster_whisper,nominal,2,1,0.0,0.0,0.0,0.1125,0.0,0.0,1.0,0.0,1.57502506300807,False,False,0.02,False,,
20260712_211606_b-n0001,userlm,Qwen2.5-0.5B-Instruct,piper,faster_whisper,nominal,2,1,0.0,0.0,0.0,0.1125,0.0,0.0,1.0,0.0,2.7854946199804544,False,False,0.02,False,,
20260712_211607_b-n0001,userlm,Qwen2.5-0.5B-Instruct,piper,faster_whisper,challenging,1,1,0.0,0.0,0.0,0.1125,0.0,0.0,1.0,0.0,3.4741660070139915,False,False,0.02,False,,
20260712_211607_b-n0001_02,userlm,Qwen2.5-0.5B-Instruct,piper,faster_whisper,challenging,1,1,0.0,0.0,0.0,0.1125,0.0,0.0,1.0,0.0,1.452690556878224,False,False,0.02,False,,
20260712_212037_b-n0001,userlm,Qwen2.5-0.5B-Instruct,piper,faster_whisper,ceiling,3,1,0.0,0.0,0.0,0.1125,0.0,0.0,1.0,0.0,1.5677882789168507,False,False,0.02,False,,
20260712_212107_b-n0001,userlm,Qwen2.5-0.5B-Instruct,piper,faster_whisper,nominal,2,1,0.0,0.0,0.0,0.1125,0.0,0.0,1.0,0.0,1.9788542301394045,False,False,0.02,False,,
20260712_212108_b-n0001,userlm,Qwen2.5-0.5B-Instruct,piper,faster_whisper,floor,0,1,0.0,0.0,0.0,0.1125,0.0,0.0,1.0,0.0,1.445035511860624,False,False,0.02,False,,
20260712_212109_b-n0001,userlm,Qwen2.5-0.5B-Instruct,piper,faster_whisper,ceiling,3,1,0.0,0.0,0.0,0.1125,0.0,0.0,1.0,0.0,1.7977194108534604,False,False,0.02,False,,
20260712_212510_b-n0001,userlm,Qwen2.5-0.5B-Instruct,piper,faster_whisper,floor,0,1,0.0,0.0,0.0,0.1125,0.0,0.0,1.0,0.0,1.0644805210176855,False,False,0.02,False,,
20260712_212610_b-n0001,userlm,Qwen2.5-0.5B-Instruct,piper,faster_whisper,nominal,2,1,0.0,0.0,0.0,0.1125,0.0,0.0,1.0,0.0,1.977420099079609,False,False,0.02,False,,
20260712_212611_b-n0001,userlm,Qwen2.5-0.5B-Instruct,piper,faster_whisper,challenging,1,1,0.0,0.0,0.0,0.1125,0.0,0.0,1.0,0.0,1.477622140897438,False,False,0.02,False,,
20260712_212839_b-n0001,userlm,Qwen2.5-0.5B-Instruct,piper,faster_whisper,ceiling,3,1,0.0,0.0,0.0,0.1125,0.0,0.0,1.0,0.0,1.7084545788820833,False,False,0.02,False,,
20260712_212842_b-n0001,userlm,Qwen2.5-0.5B-Instruct,piper,faster_whisper,floor,0,1,0.0,0.0,0.0,0.1125,0.0,0.0,1.0,0.0,1.857566127087921,False,False,0.02,False,,
20260712_213010_b-n0001,userlm,Qwen2.5-0.5B-Instruct,piper,faster_whisper,challenging,1,1,0.0,0.0,0.0,0.1125,0.0,0.0,1.0,0.0,1.8269958780147135,False,False,0.02,False,,
20260712_213338_b-n0001,userlm,Qwen2.5-0.5B-Instruct,piper,faster_whisper,floor,0,1,0.0,0.0,0.0,0.1125,0.0,0.0,1.0,0.0,1.0179518780205399,False,False,0.02,False,,
20260712_213338_b-n0001_02,userlm,Qwen2.5-0.5B-Instruct,piper,faster_whisper,nominal,2,1,0.0,0.0,0.0,0.1125,0.0,0.0,1.0,0.0,1.6897488969843835,False,False,0.02,False,,
20260712_213839_b-n0001,userlm,Qwen2.5-0.5B-Instruct,piper,faster_whisper,challenging,1,1,0.0,0.0,0.0,0.1125,0.0,0.0,1.0,0.0,2.5768348302226514,False,False,0.02,False,,
20260712_142014_b-n0001,userlm,Qwen2.5-1.5B-Instruct,piper,vosk,nominal,2,1,0.0,0.0,0.0,0.1125,0.0,0.0,1.0,0.0,1.6736107079777867,False,False,0.02,False,,
20260712_142015_b-n0001,userlm,Qwen2.5-1.5B-Instruct,piper,vosk,ceiling,3,1,0.0,0.0,0.0,0.1125,0.0,0.0,1.0,0.0,3.17497234698385,False,False,0.02,False,,
20260712_142315_b-n0001_02,userlm,Qwen2.5-1.5B-Instruct,piper,vosk,challenging,1,1,0.0,0.0,0.0,0.1125,0.0,0.0,1.0,0.0,1.3580963860731572,False,False,0.02,False,,
20260712_142316_b-n0001,userlm,Qwen2.5-1.5B-Instruct,piper,vosk,challenging,1,1,0.0,0.0,0.0,0.1125,0.0,0.0,1.0,0.0,1.8431057650595903,False,False,0.02,False,,
20260712_142446_b-n0001_03,userlm,Qwen2.5-1.5B-Instruct,piper,vosk,nominal,2,1,0.0,0.0,0.0,0.1125,0.0,0.0,1.0,0.0,1.3951850908342749,False,False,0.02,False,,
20260712_142616_b-n0001,userlm,Qwen2.5-1.5B-Instruct,piper,faster_whisper,ceiling,3,1,0.0,0.0,0.0,0.1125,0.0,0.0,1.0,0.0,3.6295385700650513,False,False,0.02,False,,
20260712_142617_b-n0001,userlm,Qwen2.5-1.5B-Instruct,piper,vosk,floor,0,1,0.0,0.0,0.0,0.1125,0.0,0.0,1.0,0.0,1.8715680569875985,False,False,0.02,False,,
20260712_142747_b-n0001,userlm,Qwen2.5-1.5B-Instruct,piper,faster_whisper,ceiling,3,1,0.0,0.0,0.0,0.1125,0.0,0.0,1.0,0.0,2.01279104501009,False,False,0.02,False,,
20260712_142917_b-n0001,userlm,Qwen2.5-1.5B-Instruct,piper,vosk,challenging,1,1,0.0,0.0,0.0,0.1125,0.0,0.0,1.0,0.0,3.247109735151753,False,False,0.02,False,,
20260712_142917_b-n0001_02,userlm,Qwen2.5-1.5B-Instruct,piper,faster_whisper,challenging,1,1,0.0,0.0,0.0,0.1125,0.0,0.0,1.0,0.0,1.7493714829906821,False,False,0.02,False,,
20260712_143048_b-n0001,userlm,Qwen2.5-1.5B-Instruct,piper,vosk,nominal,2,1,0.0,0.0,0.0,0.1125,0.0,0.0,1.0,0.0,1.7404564481694251,False,False,0.02,False,,
20260712_143248_b-n0001_02,userlm,Qwen2.5-1.5B-Instruct,piper,vosk,floor,0,1,0.0,0.0,0.0,0.1125,0.0,0.0,1.0,0.0,1.7284259491134435,False,False,0.02,False,,
20260712_143251_b-n0001,userlm,Qwen2.5-1.5B-Instruct,piper,vosk,floor,0,1,0.0,0.0,0.0,0.1125,0.0,0.0,1.0,0.0,3.37291681393981,False,False,0.02,False,,
20260712_143419_b-n0001,userlm,Qwen2.5-1.5B-Instruct,piper,vosk,challenging,1,1,0.0,0.0,0.0,0.1125,0.0,0.0,1.0,0.0,1.3952729189768434,False,False,0.02,False,,
20260712_143549_b-n0001_02,userlm,Qwen2.5-1.5B-Instruct,piper,vosk,ceiling,3,1,0.0,0.0,0.0,0.1125,0.0,0.0,1.0,0.0,1.360964747844264,False,False,0.02,False,,
20260712_143549_b-n0001_03,userlm,Qwen2.5-1.5B-Instruct,piper,faster_whisper,nominal,2,1,0.0,0.0,0.0,0.1125,0.0,0.0,1.0,0.0,3.240335129899904,False,False,0.02,False,,
20260712_143720_b-n0001,userlm,Qwen2.5-1.5B-Instruct,piper,vosk,floor,0,1,0.0,0.0,0.0,0.1125,0.0,0.0,1.0,0.0,1.3667294150218368,False,False,0.02,False,,
20260712_143850_b-n0001,userlm,Qwen2.5-1.5B-Instruct,piper,vosk,nominal,2,1,0.0,0.0,0.0,0.1125,0.0,0.0,1.0,0.0,1.3836710201576352,False,False,0.02,False,,
20260712_143850_b-n0001_02,userlm,Qwen2.5-1.5B-Instruct,piper,vosk,nominal,2,1,0.0,0.0,0.0,0.1125,0.0,0.0,1.0,0.0,1.3672375110909343,False,False,0.02,False,,
20260712_144021_b-n0001,userlm,Qwen2.5-1.5B-Instruct,piper,vosk,ceiling,3,1,0.0,0.0,0.0,0.1125,0.0,0.0,1.0,0.0,1.3634316560346633,False,False,0.02,False,,
20260712_144222_b-n0001,userlm,Qwen2.5-1.5B-Instruct,piper,vosk,challenging,1,1,0.0,0.0,0.0,0.1125,0.0,0.0,1.0,0.0,1.378406052943319,False,False,0.02,False,,
20260712_144222_b-n0001_02,userlm,Qwen2.5-1.5B-Instruct,piper,vosk,floor,0,1,0.0,0.0,0.0,0.1125,0.0,0.0,1.0,0.0,1.3862973910290748,False,False,0.02,False,,
20260712_144352_b-n0001,userlm,Qwen2.5-1.5B-Instruct,piper,vosk,ceiling,3,1,0.0,0.0,0.0,0.1125,0.0,0.0,1.0,0.0,4.142104670871049,False,False,0.02,False,,
20260712_144523_b-n0001_02,userlm,Qwen2.5-1.5B-Instruct,piper,vosk,ceiling,3,1,0.0,0.0,0.0,0.1125,0.0,0.0,1.0,0.0,3.200702338013798,False,False,0.02,False,,
20260712_144523_b-n0001_03,userlm,Qwen2.5-1.5B-Instruct,piper,vosk,ceiling,3,1,0.0,0.0,0.0,0.1125,0.0,0.0,1.0,0.0,1.3740323870442808,False,False,0.02,False,,
20260712_144654_b-n0001,userlm,Qwen2.5-1.5B-Instruct,piper,vosk,ceiling,3,1,0.0,0.0,0.0,0.1125,0.0,0.0,1.0,0.0,3.21458533895202,False,False,0.02,False,,
20260712_144824_b-n0001_02,userlm,Qwen2.5-1.5B-Instruct,piper,vosk,ceiling,3,1,0.0,0.0,0.0,0.1125,0.0,0.0,1.0,0.0,3.222173596965149,False,False,0.02,False,,
20260712_144824_b-n0001_03,userlm,Qwen2.5-1.5B-Instruct,piper,vosk,ceiling,3,1,0.0,0.0,0.0,0.1125,0.0,0.0,1.0,0.0,3.2214881419204175,False,False,0.02,False,,
20260712_145025_b-n0001,userlm,Qwen2.5-1.5B-Instruct,piper,vosk,ceiling,3,1,0.0,0.0,0.0,0.1125,0.0,0.0,1.0,0.0,3.214060398051515,False,False,0.02,False,,
20260712_145226_b-n0001_02,userlm,Qwen2.5-1.5B-Instruct,piper,vosk,ceiling,3,1,0.0,0.0,0.0,0.1125,0.0,0.0,1.0,0.0,3.2237691581249237,False,False,0.02,False,,
20260712_145227_b-n0001,userlm,Qwen2.5-1.5B-Instruct,piper,vosk,ceiling,3,1,0.0,0.0,0.0,0.1125,0.0,0.0,1.0,0.0,3.2333647918421775,False,False,0.02,False,,
20260712_145426_b-n0001,userlm,Qwen2.5-1.5B-Instruct,piper,vosk,ceiling,3,1,0.0,0.0,0.0,0.1125,0.0,0.0,1.0,0.0,3.1934774378314614,False,False,0.02,False,,
20260712_145557_b-n0001,userlm,Qwen2.5-1.5B-Instruct,piper,vosk,ceiling,3,1,0.0,0.0,0.0,0.1125,0.0,0.0,1.0,0.0,3.6254526840057224,False,False,0.02,False,,
20260712_145558_b-n0001,userlm,Qwen2.5-1.5B-Instruct,piper,vosk,ceiling,3,1,0.0,0.0,0.0,0.1125,0.0,0.0,1.0,0.0,3.2466205060482025,False,False,0.02,False,,
20260712_145728_b-n0001,userlm,Qwen2.5-1.5B-Instruct,piper,vosk,ceiling,3,1,0.0,0.0,0.0,0.1125,0.0,0.0,1.0,0.0,3.2530357129871845,False,False,0.02,False,,
20260712_150028_b-n0001,userlm,Qwen2.5-1.5B-Instruct,piper,vosk,ceiling,3,1,0.0,0.0,0.0,0.1125,0.0,0.0,1.0,0.0,3.2198904391843826,False,False,0.02,False,,
20260712_172726_b-n0001,userlm,Qwen2.5-1.5B-Instruct,piper,vosk,floor,0,1,0.0,0.0,0.0,0.1125,0.0,0.0,1.0,0.0,1.7115204250440001,False,False,0.02,False,,
20260712_172727_b-n0001_02,userlm,Qwen2.5-1.5B-Instruct,piper,vosk,nominal,2,1,0.0,0.0,0.0,0.1125,0.0,0.0,1.0,0.0,1.6810357249341905,False,False,0.02,False,,
20260712_172929_b-n0001,userlm,Qwen2.5-1.5B-Instruct,piper,vosk,ceiling,3,1,0.0,0.0,0.0,0.1125,0.0,0.0,1.0,0.0,3.2607543158810586,False,False,0.02,False,,
20260712_172929_b-n0001_02,userlm,Qwen2.5-1.5B-Instruct,piper,faster_whisper,ceiling,3,1,0.0,0.0,0.0,0.1125,0.0,0.0,1.0,0.0,2.0125549260992557,False,False,0.02,False,,
20260712_173129_b-n0001_02,userlm,Qwen2.5-1.5B-Instruct,piper,faster_whisper,nominal,2,1,0.0,0.0,0.0,0.1125,0.0,0.0,1.0,0.0,3.5265919019002467,False,False,0.02,False,,
20260712_173130_b-n0001,userlm,Qwen2.5-1.5B-Instruct,piper,vosk,challenging,1,1,0.0,0.0,0.0,0.1125,0.0,0.0,1.0,0.0,1.8659136830829084,False,False,0.02,False,,
20260712_183534_b-n0001,userlm,Qwen2.5-1.5B-Instruct,piper,vosk,challenging,1,1,0.0,0.0,0.0,0.1125,0.0,0.0,1.0,0.0,1.3534026748966426,False,False,0.02,False,,
20260712_183806_b-n0001,userlm,Qwen2.5-1.5B-Instruct,piper,vosk,nominal,2,1,0.0,0.0,0.0,0.1125,0.0,0.0,1.0,0.0,1.709908823017031,False,False,0.02,False,,
20260712_183845_b-n0001,userlm,Qwen2.5-1.5B-Instruct,piper,faster_whisper,ceiling,3,1,0.0,0.0,0.0,0.1125,0.0,0.0,1.0,0.0,3.4814823460765183,False,False,0.02,False,,
20260712_183936_b-n0001_02,userlm,Qwen2.5-1.5B-Instruct,piper,vosk,floor,0,1,0.0,0.0,0.0,0.1125,0.0,0.0,1.0,0.0,1.8353257840499282,False,False,0.02,False,,
20260712_183939_b-n0001,userlm,Qwen2.5-1.5B-Instruct,piper,vosk,challenging,1,1,0.0,0.0,0.0,0.1125,0.0,0.0,1.0,0.0,3.34147878899239,False,False,0.02,False,,
20260712_184108_b-n0001,userlm,Qwen2.5-1.5B-Instruct,piper,faster_whisper,challenging,1,1,0.0,0.0,0.0,0.1125,0.0,0.0,1.0,0.0,1.7625668649561703,False,False,0.02,False,,
20260712_184308_b-n0001,userlm,Qwen2.5-1.5B-Instruct,piper,vosk,nominal,2,1,0.0,0.0,0.0,0.1125,0.0,0.0,1.0,0.0,1.799518584040925,False,False,0.02,False,,
20260712_184614_b-n0001,userlm,Qwen2.5-1.5B-Instruct,piper,vosk,floor,0,1,0.0,0.0,0.0,0.1125,0.0,0.0,1.0,0.0,3.5476474647875875,False,False,0.02,False,,
20260712_184643_b-n0001,userlm,Qwen2.5-1.5B-Instruct,piper,vosk,ceiling,3,1,0.0,0.0,0.0,0.1125,0.0,0.0,1.0,0.0,1.3693200158886611,False,False,0.02,False,,
20260712_184643_b-n0001_02,userlm,Qwen2.5-1.5B-Instruct,piper,vosk,ceiling,3,1,0.0,0.0,0.0,0.1125,0.0,0.0,1.0,0.0,1.4093002912122756,False,False,0.02,False,,
20260712_184844_b-n0001,userlm,Qwen2.5-1.5B-Instruct,piper,vosk,ceiling,3,1,0.0,0.0,0.0,0.1125,0.0,0.0,1.0,0.0,3.150477470830083,False,False,0.02,False,,
20260712_184918_b-n0001,userlm,Qwen2.5-1.5B-Instruct,piper,vosk,nominal,2,1,0.0,0.0,0.0,0.1125,0.0,0.0,1.0,0.0,1.52673743898049,False,False,0.02,False,,
20260712_184942_b-n0001,userlm,Qwen2.5-1.5B-Instruct,piper,vosk,challenging,1,1,0.0,0.0,0.0,0.1125,0.0,0.0,1.0,0.0,1.3623491011094302,False,False,0.02,False,,
20260712_184947_b-n0001,userlm,Qwen2.5-1.5B-Instruct,piper,vosk,nominal,2,1,0.0,0.0,0.0,0.1125,0.0,0.0,1.0,0.0,1.577222297899425,False,False,0.02,False,,
20260712_185144_b-n0001,userlm,Qwen2.5-1.5B-Instruct,piper,vosk,ceiling,3,1,0.0,0.0,0.0,0.1125,0.0,0.0,1.0,0.0,3.194226838182658,False,False,0.02,False,,
20260712_185218_b-n0001,userlm,Qwen2.5-1.5B-Instruct,piper,vosk,challenging,1,1,0.0,0.0,0.0,0.1125,0.0,0.0,1.0,0.0,1.601385212969035,False,False,0.02,False,,
20260712_185243_b-n0001,userlm,Qwen2.5-1.5B-Instruct,piper,vosk,floor,0,1,0.0,0.0,0.0,0.1125,0.0,0.0,1.0,0.0,1.3755255520809442,False,False,0.02,False,,
20260712_185248_b-n0001,userlm,Qwen2.5-1.5B-Instruct,piper,vosk,floor,0,1,0.0,0.0,0.0,0.1125,0.0,0.0,1.0,0.0,1.514792141970247,False,False,0.02,False,,
20260712_185445_b-n0001,userlm,Qwen2.5-1.5B-Instruct,piper,vosk,ceiling,3,1,0.0,0.0,0.0,0.1125,0.0,0.0,1.0,0.0,3.2078953022137284,False,False,0.02,False,,
20260712_185522_b-n0001,userlm,Qwen2.5-1.5B-Instruct,piper,vosk,ceiling,3,1,0.0,0.0,0.0,0.1125,0.0,0.0,1.0,0.0,3.9201543191447854,False,False,0.02,False,,
20260712_185545_b-n0001,userlm,Qwen2.5-1.5B-Instruct,piper,vosk,ceiling,3,1,0.0,0.0,0.0,0.1125,0.0,0.0,1.0,0.0,1.3608191448729485,False,False,0.02,False,,
20260712_185715_b-n0001,userlm,Qwen2.5-1.5B-Instruct,piper,vosk,ceiling,3,1,0.0,0.0,0.0,0.1125,0.0,0.0,1.0,0.0,3.1332639870233834,False,False,0.02,False,,
20260712_185746_b-n0001,userlm,Qwen2.5-1.5B-Instruct,piper,vosk,ceiling,3,1,0.0,0.0,0.0,0.1125,0.0,0.0,1.0,0.0,3.182758481008932,False,False,0.02,False,,
20260712_185906_b-n0001,userlm,Qwen2.5-1.5B-Instruct,piper,faster_whisper,ceiling,3,1,0.0,0.0,0.0,0.1125,0.0,0.0,1.0,0.0,1.662944853072986,False,False,0.02,False,,
20260712_185959_b-n0001,userlm,Qwen2.5-1.5B-Instruct,piper,faster_whisper,nominal,2,1,0.0,0.0,0.0,0.1125,0.0,0.0,1.0,0.0,1.4769529378972948,False,False,0.02,False,,
20260712_190038_b-n0001,userlm,Qwen2.5-1.5B-Instruct,piper,faster_whisper,ceiling,3,1,0.0,0.0,0.0,0.1125,0.0,0.0,1.0,0.0,3.0373836380895227,False,False,0.02,False,,
20260712_190135_b-n0001,userlm,Qwen2.5-1.5B-Instruct,piper,faster_whisper,nominal,2,1,0.0,0.0,0.0,0.1125,0.0,0.0,1.0,0.0,2.604606532957405,False,False,0.02,False,,
20260712_190842_b-n0001,userlm,Qwen2.5-1.5B-Instruct,piper,faster_whisper,challenging,1,1,0.0,0.0,0.0,0.1125,0.0,0.0,1.0,0.0,3.824805485084653,False,False,0.02,False,,
20260712_190911_b-n0001,userlm,Qwen2.5-1.5B-Instruct,piper,faster_whisper,ceiling,3,1,0.0,0.0,0.0,0.1125,0.0,0.0,1.0,0.0,1.593303952831775,False,False,0.02,False,,
20260712_191042_b-n0001,userlm,Qwen2.5-1.5B-Instruct,piper,faster_whisper,challenging,1,1,0.0,0.0,0.0,0.1125,0.0,0.0,1.0,0.0,1.7334169039968401,False,False,0.02,False,,
20260712_191136_b-n0001,userlm,Qwen2.5-1.5B-Instruct,piper,faster_whisper,nominal,2,1,0.0,0.0,0.0,0.1125,0.0,0.0,1.0,0.0,1.8631462550256401,False,False,0.02,False,,
20260712_191312_b-n0001,userlm,Qwen2.5-1.5B-Instruct,piper,faster_whisper,ceiling,3,1,0.0,0.0,0.0,0.1125,0.0,0.0,1.0,0.0,2.1061923450324684,False,False,0.02,False,,
20260712_191416_b-n0001,userlm,Qwen2.5-1.5B-Instruct,piper,faster_whisper,floor,0,1,0.0,0.0,0.0,0.1125,0.0,0.0,1.0,0.0,0.9987802209798247,False,False,0.02,False,,
20260712_191509_b-n0001,userlm,Qwen2.5-1.5B-Instruct,piper,faster_whisper,floor,0,1,0.0,0.0,0.0,0.1125,0.0,0.0,1.0,0.0,1.3754337860736996,False,False,0.02,False,,
20260712_191550_b-n0001,userlm,Qwen2.5-1.5B-Instruct,piper,faster_whisper,challenging,1,1,0.0,0.0,0.0,0.1125,0.0,0.0,1.0,0.0,1.3630345577839762,False,False,0.02,False,,
20260712_191737_b-n0001_02,userlm,Qwen2.5-1.5B-Instruct,piper,faster_whisper,nominal,2,1,0.0,0.0,0.0,0.1125,0.0,0.0,1.0,0.0,1.8468128179665655,False,False,0.02,False,,
20260712_191922_b-n0001,userlm,Qwen2.5-1.5B-Instruct,piper,faster_whisper,challenging,1,1,0.0,0.0,0.0,0.1125,0.0,0.0,1.0,0.0,1.7390007311478257,False,False,0.02,False,,
20260712_192008_b-n0001,userlm,Qwen2.5-1.5B-Instruct,piper,faster_whisper,ceiling,3,1,0.0,0.0,0.0,0.1125,0.0,0.0,1.0,0.0,1.87105727288872,False,False,0.02,False,,
20260712_192241_b-n0001,userlm,Qwen2.5-1.5B-Instruct,piper,faster_whisper,floor,0,1,0.0,0.0,0.0,0.1125,0.0,0.0,1.0,0.0,1.714166471036151,False,False,0.02,False,,
20260712_192513_b-n0001,userlm,Qwen2.5-1.5B-Instruct,piper,faster_whisper,nominal,2,1,0.0,0.0,0.0,0.1125,0.0,0.0,1.0,0.0,1.7031290021259338,False,False,0.02,False,,
20260712_192744_b-n0001,userlm,Qwen2.5-1.5B-Instruct,piper,faster_whisper,floor,0,1,0.0,0.0,0.0,0.1125,0.0,0.0,1.0,0.0,0.9999809451401234,False,False,0.02,False,,
20260712_193749_b-n0001,userlm,Qwen2.5-1.5B-Instruct,piper,faster_whisper,challenging,1,1,0.0,0.0,0.0,0.1125,0.0,0.0,1.0,0.0,2.5792635909747332,False,False,0.02,False,,
20260712_122138_b-n0001,userlm,Qwen2.5-7B-Instruct,piper,vosk,challenging,1,1,0.0,0.0,0.0,0.1125,0.0,0.0,1.0,0.0,1.9331277031451464,False,False,0.02,False,,
20260712_122336_b-n0001,userlm,Qwen2.5-7B-Instruct,piper,vosk,ceiling,3,1,0.0,0.0,0.0,0.1125,0.0,0.0,1.0,0.0,3.679389685159549,False,False,0.02,False,,
20260712_122546_b-n0001,userlm,Qwen2.5-7B-Instruct,piper,faster_whisper,ceiling,3,1,0.0,0.0,0.0,0.1125,0.0,0.0,1.0,0.0,4.894600617000833,False,False,0.02,False,,
20260712_122744_b-n0001,userlm,Qwen2.5-7B-Instruct,piper,vosk,challenging,1,1,0.0,0.0,0.0,0.1125,0.0,0.0,1.0,0.0,2.260056434897706,False,False,0.02,False,,
20260712_122840_b-n0001,userlm,Qwen2.5-7B-Instruct,piper,vosk,nominal,2,1,0.0,0.0,0.0,0.1125,0.0,0.0,1.0,0.0,1.9373601388651878,False,False,0.02,False,,
20260712_123140_b-n0001,userlm,Qwen2.5-7B-Instruct,piper,vosk,floor,0,1,0.0,0.0,0.0,0.1125,0.0,0.0,1.0,0.0,2.017859840998426,False,False,0.02,False,,
20260712_123311_b-n0001,userlm,Qwen2.5-7B-Instruct,piper,vosk,nominal,2,1,0.0,0.0,0.0,0.1125,0.0,0.0,1.0,0.0,1.5123917418532073,False,False,0.02,False,,
20260712_123318_b-n0001,userlm,Qwen2.5-7B-Instruct,piper,faster_whisper,ceiling,3,1,0.0,0.0,0.0,0.1125,0.0,0.0,1.0,0.0,2.653387855971232,False,False,0.02,False,,
20260712_123714_b-n0001,userlm,Qwen2.5-7B-Instruct,piper,vosk,nominal,2,1,0.0,0.0,0.0,0.1125,0.0,0.0,1.0,0.0,2.040504562901333,False,False,0.02,False,,
20260712_123815_b-n0001,userlm,Qwen2.5-7B-Instruct,piper,faster_whisper,challenging,1,1,0.0,0.0,0.0,0.1125,0.0,0.0,1.0,0.0,1.9231270770542324,False,False,0.02,False,,
20260712_123913_b-n0001,userlm,Qwen2.5-7B-Instruct,piper,vosk,floor,0,1,0.0,0.0,0.0,0.1125,0.0,0.0,1.0,0.0,1.9130293589551002,False,False,0.02,False,,
20260712_124314_b-n0001,userlm,Qwen2.5-7B-Instruct,piper,faster_whisper,nominal,2,1,0.0,0.0,0.0,0.1125,0.0,0.0,1.0,0.0,3.6456404430791736,False,False,0.02,False,,
20260712_124415_b-n0001,userlm,Qwen2.5-7B-Instruct,piper,vosk,challenging,1,1,0.0,0.0,0.0,0.1125,0.0,0.0,1.0,0.0,3.5695127970539033,False,False,0.02,False,,
20260712_124516_b-n0001,userlm,Qwen2.5-7B-Instruct,piper,vosk,floor,0,1,0.0,0.0,0.0,0.1125,0.0,0.0,1.0,0.0,4.242803534958512,False,False,0.02,False,,
20260712_124917_b-n0001,userlm,Qwen2.5-7B-Instruct,piper,vosk,ceiling,3,1,0.0,0.0,0.0,0.1125,0.0,0.0,1.0,0.0,1.3627302660606802,False,False,0.02,False,,
20260712_125013_b-n0001,userlm,Qwen2.5-7B-Instruct,piper,vosk,challenging,1,1,0.0,0.0,0.0,0.1125,0.0,0.0,1.0,0.0,1.3479610241483897,False,False,0.02,False,,
20260712_125112_b-n0001,userlm,Qwen2.5-7B-Instruct,piper,vosk,floor,0,1,0.0,0.0,0.0,0.1125,0.0,0.0,1.0,0.0,1.3793582080397755,False,False,0.02,False,,
20260712_125413_b-n0001,userlm,Qwen2.5-7B-Instruct,piper,vosk,ceiling,3,1,0.0,0.0,0.0,0.1125,0.0,0.0,1.0,0.0,1.3981364429928362,False,False,0.02,False,,
20260712_125444_b-n0001,userlm,Qwen2.5-7B-Instruct,piper,vosk,nominal,2,1,0.0,0.0,0.0,0.1125,0.0,0.0,1.0,0.0,1.3697453020140529,False,False,0.02,False,,
20260712_125544_b-n0001,userlm,Qwen2.5-7B-Instruct,piper,vosk,floor,0,1,0.0,0.0,0.0,0.1125,0.0,0.0,1.0,0.0,1.364942355081439,False,False,0.02,False,,
20260712_125845_b-n0001,userlm,Qwen2.5-7B-Instruct,piper,vosk,ceiling,3,1,0.0,0.0,0.0,0.1125,0.0,0.0,1.0,0.0,1.3784053111448884,False,False,0.02,False,,
20260712_125916_b-n0001,userlm,Qwen2.5-7B-Instruct,piper,vosk,nominal,2,1,0.0,0.0,0.0,0.1125,0.0,0.0,1.0,0.0,1.3690963110420853,False,False,0.02,False,,
20260712_130016_b-n0001,userlm,Qwen2.5-7B-Instruct,piper,vosk,challenging,1,1,0.0,0.0,0.0,0.1125,0.0,0.0,1.0,0.0,1.3861119099892676,False,False,0.02,False,,
20260712_130317_b-n0001,userlm,Qwen2.5-7B-Instruct,piper,vosk,ceiling,3,1,0.0,0.0,0.0,0.1125,0.0,0.0,1.0,0.0,3.274603195954114,False,False,0.02,False,,
20260712_130347_b-n0001,userlm,Qwen2.5-7B-Instruct,piper,vosk,ceiling,3,1,0.0,0.0,0.0,0.1125,0.0,0.0,1.0,0.0,3.170115469954908,False,False,0.02,False,,
20260712_130448_b-n0001,userlm,Qwen2.5-7B-Instruct,piper,vosk,ceiling,3,1,0.0,0.0,0.0,0.1125,0.0,0.0,1.0,0.0,3.2213901970535517,False,False,0.02,False,,
20260712_130749_b-n0001,userlm,Qwen2.5-7B-Instruct,piper,vosk,ceiling,3,1,0.0,0.0,0.0,0.1125,0.0,0.0,1.0,0.0,3.2130378279834986,False,False,0.02,False,,
20260712_130819_b-n0001,userlm,Qwen2.5-7B-Instruct,piper,vosk,ceiling,3,1,0.0,0.0,0.0,0.1125,0.0,0.0,1.0,0.0,3.1902027069590986,False,False,0.02,False,,
20260712_130919_b-n0001,userlm,Qwen2.5-7B-Instruct,piper,vosk,ceiling,3,1,0.0,0.0,0.0,0.1125,0.0,0.0,1.0,0.0,3.1497771879658103,False,False,0.02,False,,
20260712_131221_b-n0001,userlm,Qwen2.5-7B-Instruct,piper,vosk,ceiling,3,1,0.0,0.0,0.0,0.1125,0.0,0.0,1.0,0.0,3.2150892498902977,False,False,0.02,False,,
20260712_131251_b-n0001,userlm,Qwen2.5-7B-Instruct,piper,vosk,ceiling,3,1,0.0,0.0,0.0,0.1125,0.0,0.0,1.0,0.0,3.1746456359978765,False,False,0.02,False,,
20260712_131351_b-n0001,userlm,Qwen2.5-7B-Instruct,piper,vosk,ceiling,3,1,0.0,0.0,0.0,0.1125,0.0,0.0,1.0,0.0,3.1753707930911332,False,False,0.02,False,,
20260712_131653_b-n0001,userlm,Qwen2.5-7B-Instruct,piper,vosk,ceiling,3,1,0.0,0.0,0.0,0.1125,0.0,0.0,1.0,0.0,3.564583961153403,False,False,0.02,False,,
20260712_131723_b-n0001,userlm,Qwen2.5-7B-Instruct,piper,vosk,ceiling,3,1,0.0,0.0,0.0,0.1125,0.0,0.0,1.0,0.0,3.2210637771058828,False,False,0.02,False,,
20260712_131823_b-n0001,userlm,Qwen2.5-7B-Instruct,piper,vosk,ceiling,3,1,0.0,0.0,0.0,0.1125,0.0,0.0,1.0,0.0,3.255626871017739,False,False,0.02,False,,
20260712_132123_b-n0001,userlm,Qwen2.5-7B-Instruct,piper,vosk,ceiling,3,1,0.0,0.0,0.0,0.1125,0.0,0.0,1.0,0.0,3.194682330125943,False,False,0.02,False,,
20260712_173331_b-n0001_03,userlm,Qwen2.5-7B-Instruct,piper,faster_whisper,ceiling,3,1,0.0,0.0,0.0,0.1125,0.0,0.0,1.0,0.0,3.599910394055769,False,False,0.02,False,,
20260712_173531_b-n0001,userlm,Qwen2.5-7B-Instruct,piper,vosk,floor,0,1,0.0,0.0,0.0,0.1125,0.0,0.0,1.0,0.0,1.8644906049594283,False,False,0.02,False,,
20260712_173532_b-n0001_02,userlm,Qwen2.5-7B-Instruct,piper,vosk,ceiling,3,1,0.0,0.0,0.0,0.1125,0.0,0.0,1.0,0.0,3.1517797731794417,False,False,0.02,False,,
20260712_173733_b-n0001_02,userlm,Qwen2.5-7B-Instruct,piper,vosk,nominal,2,1,0.0,0.0,0.0,0.1125,0.0,0.0,1.0,0.0,1.7160536251030862,False,False,0.02,False,,
20260712_173933_b-n0001,userlm,Qwen2.5-7B-Instruct,piper,vosk,nominal,2,1,0.0,0.0,0.0,0.1125,0.0,0.0,1.0,0.0,1.4107486188877374,False,False,0.02,False,,
20260712_173934_b-n0001,userlm,Qwen2.5-7B-Instruct,piper,vosk,challenging,1,1,0.0,0.0,0.0,0.1125,0.0,0.0,1.0,0.0,1.4009820900391787,False,False,0.02,False,,
20260712_174136_b-n0001,userlm,Qwen2.5-7B-Instruct,piper,vosk,challenging,1,1,0.0,0.0,0.0,0.1125,0.0,0.0,1.0,0.0,1.8753673748578876,False,False,0.02,False,,
20260712_174335_b-n0001,userlm,Qwen2.5-7B-Instruct,piper,vosk,challenging,1,1,0.0,0.0,0.0,0.1125,0.0,0.0,1.0,0.0,3.3126028841361403,False,False,0.02,False,,
20260712_174335_b-n0001_03,userlm,Qwen2.5-7B-Instruct,piper,faster_whisper,ceiling,3,1,0.0,0.0,0.0,0.1125,0.0,0.0,1.0,0.0,2.0157487269025296,False,False,0.02,False,,
20260712_174537_b-n0001,userlm,Qwen2.5-7B-Instruct,piper,vosk,floor,0,1,0.0,0.0,0.0,0.1125,0.0,0.0,1.0,0.0,1.7274878770112991,False,False,0.02,False,,
20260712_174738_b-n0001,userlm,Qwen2.5-7B-Instruct,piper,vosk,floor,0,1,0.0,0.0,0.0,0.1125,0.0,0.0,1.0,0.0,3.2900048999581486,False,False,0.02,False,,
20260712_174738_b-n0001_02,userlm,Qwen2.5-7B-Instruct,piper,vosk,nominal,2,1,0.0,0.0,0.0,0.1125,0.0,0.0,1.0,0.0,1.7345701209269464,False,False,0.02,False,,
20260712_174939_b-n0001,userlm,Qwen2.5-7B-Instruct,piper,faster_whisper,nominal,2,1,0.0,0.0,0.0,0.1125,0.0,0.0,1.0,0.0,3.21223923494108,False,False,0.02,False,,
20260712_175139_b-n0001,userlm,Qwen2.5-7B-Instruct,piper,vosk,ceiling,3,1,0.0,0.0,0.0,0.1125,0.0,0.0,1.0,0.0,1.3760758619755507,False,False,0.02,False,,
20260712_175140_b-n0001,userlm,Qwen2.5-7B-Instruct,piper,faster_whisper,challenging,1,1,0.0,0.0,0.0,0.1125,0.0,0.0,1.0,0.0,1.7797123498748988,False,False,0.02,False,,
20260712_175342_b-n0001,userlm,Qwen2.5-7B-Instruct,piper,vosk,ceiling,3,1,0.0,0.0,0.0,0.1125,0.0,0.0,1.0,0.0,1.373904790962115,False,False,0.02,False,,
20260712_175542_b-n0001,userlm,Qwen2.5-7B-Instruct,piper,vosk,ceiling,3,1,0.0,0.0,0.0,0.1125,0.0,0.0,1.0,0.0,1.3900929058436304,False,False,0.02,False,,
20260712_175543_b-n0001,userlm,Qwen2.5-7B-Instruct,piper,vosk,challenging,1,1,0.0,0.0,0.0,0.1125,0.0,0.0,1.0,0.0,1.3777243220247328,False,False,0.02,False,,
20260712_175743_b-n0001_02,userlm,Qwen2.5-7B-Instruct,piper,vosk,nominal,2,1,0.0,0.0,0.0,0.1125,0.0,0.0,1.0,0.0,1.3593320229556412,False,False,0.02,False,,
20260712_175943_b-n0001,userlm,Qwen2.5-7B-Instruct,piper,vosk,nominal,2,1,0.0,0.0,0.0,0.1125,0.0,0.0,1.0,0.0,1.3817735880147666,False,False,0.02,False,,
20260712_175944_b-n0001_02,userlm,Qwen2.5-7B-Instruct,piper,vosk,floor,0,1,0.0,0.0,0.0,0.1125,0.0,0.0,1.0,0.0,1.3885098670143634,False,False,0.02,False,,
20260712_180145_b-n0001_02,userlm,Qwen2.5-7B-Instruct,piper,vosk,floor,0,1,0.0,0.0,0.0,0.1125,0.0,0.0,1.0,0.0,1.3696046250406653,False,False,0.02,False,,
20260712_180248_b-n0001,userlm,Qwen2.5-7B-Instruct,piper,vosk,challenging,1,1,0.0,0.0,0.0,0.1125,0.0,0.0,1.0,0.0,1.6458732848986983,False,False,0.02,False,,
20260712_180316_b-n0001_02,userlm,Qwen2.5-7B-Instruct,piper,vosk,ceiling,3,1,0.0,0.0,0.0,0.1125,0.0,0.0,1.0,0.0,3.215454006101936,False,False,0.02,False,,
20260712_180448_b-n0001,userlm,Qwen2.5-7B-Instruct,piper,vosk,ceiling,3,1,0.0,0.0,0.0,0.1125,0.0,0.0,1.0,0.0,3.1976149869151413,False,False,0.02,False,,
20260712_180549_b-n0001,userlm,Qwen2.5-7B-Instruct,piper,vosk,ceiling,3,1,0.0,0.0,0.0,0.1125,0.0,0.0,1.0,0.0,3.872121376916766,False,False,0.02,False,,
20260712_180618_b-n0001_02,userlm,Qwen2.5-7B-Instruct,piper,vosk,ceiling,3,1,0.0,0.0,0.0,0.1125,0.0,0.0,1.0,0.0,3.200570813845843,False,False,0.02,False,,
20260712_180749_b-n0001,userlm,Qwen2.5-7B-Instruct,piper,vosk,ceiling,3,1,0.0,0.0,0.0,0.1125,0.0,0.0,1.0,0.0,3.2147636990994215,False,False,0.02,False,,
20260712_180852_b-n0001,userlm,Qwen2.5-7B-Instruct,piper,vosk,ceiling,3,1,0.0,0.0,0.0,0.1125,0.0,0.0,1.0,0.0,3.4740826131310314,False,False,0.02,False,,
20260712_181102_b-n0001,userlm,Qwen2.5-7B-Instruct,piper,faster_whisper,floor,0,1,0.0,0.0,0.0,0.1125,0.0,0.0,1.0,0.0,1.5977403242141008,False,False,0.02,False,,
20260712_181102_b-n0001_02,userlm,Qwen2.5-7B-Instruct,piper,faster_whisper,ceiling,3,1,0.0,0.0,0.0,0.1125,0.0,0.0,1.0,0.0,3.053321820916608,False,False,0.02,False,,
20260712_181333_b-n0001_02,userlm,Qwen2.5-7B-Instruct,piper,faster_whisper,ceiling,3,1,0.0,0.0,0.0,0.1125,0.0,0.0,1.0,0.0,1.7137671480886638,False,False,0.02,False,,
20260712_181603_b-n0001,userlm,Qwen2.5-7B-Instruct,piper,faster_whisper,ceiling,3,1,0.0,0.0,0.0,0.1125,0.0,0.0,1.0,0.0,1.6780948350206017,False,False,0.02,False,,
20260712_181607_b-n0001,userlm,Qwen2.5-7B-Instruct,piper,faster_whisper,challenging,1,1,0.0,0.0,0.0,0.1125,0.0,0.0,1.0,0.0,1.4528895940165967,False,False,0.02,False,,
20260712_181835_b-n0001,userlm,Qwen2.5-7B-Instruct,piper,faster_whisper,nominal,2,1,0.0,0.0,0.0,0.1125,0.0,0.0,1.0,0.0,1.8638912290334702,False,False,0.02,False,,
20260712_182107_b-n0001_02,userlm,Qwen2.5-7B-Instruct,piper,faster_whisper,challenging,1,1,0.0,0.0,0.0,0.1125,0.0,0.0,1.0,0.0,3.4497782909311354,False,False,0.02,False,,
20260712_182108_b-n0001,userlm,Qwen2.5-7B-Instruct,piper,faster_whisper,nominal,2,1,0.0,0.0,0.0,0.1125,0.0,0.0,1.0,0.0,2.690936923958361,False,False,0.02,False,,
20260712_182337_b-n0001,userlm,Qwen2.5-7B-Instruct,piper,faster_whisper,floor,0,1,0.0,0.0,0.0,0.1125,0.0,0.0,1.0,0.0,0.9911127910017967,False,False,0.02,False,,
20260712_182611_b-n0001,userlm,Qwen2.5-7B-Instruct,piper,faster_whisper,nominal,2,1,0.0,0.0,0.0,0.1125,0.0,0.0,1.0,0.0,1.4501386201009154,False,False,0.02,False,,
20260712_182611_b-n0001_02,userlm,Qwen2.5-7B-Instruct,piper,faster_whisper,nominal,2,1,0.0,0.0,0.0,0.1125,0.0,0.0,1.0,0.0,1.889137325109914,False,False,0.02,False,,
20260712_182841_b-n0001,userlm,Qwen2.5-7B-Instruct,piper,faster_whisper,challenging,1,1,0.0,0.0,0.0,0.1125,0.0,0.0,1.0,0.0,1.7344954970758408,False,False,0.02,False,,
20260712_183112_b-n0001,userlm,Qwen2.5-7B-Instruct,piper,faster_whisper,challenging,1,1,0.0,0.0,0.0,0.1125,0.0,0.0,1.0,0.0,1.3672814930323511,False,False,0.02,False,,
20260712_183112_b-n0001_03,userlm,Qwen2.5-7B-Instruct,piper,faster_whisper,ceiling,3,1,0.0,0.0,0.0,0.1125,0.0,0.0,1.0,0.0,1.4262012999970466,False,False,0.02,False,,
20260712_183344_b-n0001,userlm,Qwen2.5-7B-Instruct,piper,faster_whisper,floor,0,1,0.0,0.0,0.0,0.1125,0.0,0.0,1.0,0.0,1.711933139944449,False,False,0.02,False,,
20260712_183614_b-n0001,userlm,Qwen2.5-7B-Instruct,piper,faster_whisper,ceiling,3,1,0.0,0.0,0.0,0.1125,0.0,0.0,1.0,0.0,1.6592819159850478,False,False,0.02,False,,
20260712_183615_b-n0001,userlm,Qwen2.5-7B-Instruct,piper,faster_whisper,floor,0,1,0.0,0.0,0.0,0.1125,0.0,0.0,1.0,0.0,0.989910839824006,False,False,0.02,False,,
20260712_184520_b-n0001,userlm,Qwen2.5-7B-Instruct,piper,faster_whisper,challenging,1,1,0.0,0.0,0.0,0.1125,0.0,0.0,1.0,0.0,2.588292096974328,False,False,0.02,False,,
20260712_184520_b-n0001_02,userlm,Qwen2.5-7B-Instruct,piper,faster_whisper,nominal,2,1,0.0,0.0,0.0,0.1125,0.0,0.0,1.0,0.0,1.694898135960102,False,False,0.02,False,,
20260710_221318_b-n0001,userlm,TinyLlama-1.1B-Chat-v1.0,piper,vosk,ceiling,3,1,1.0,1.0,1.0,0.9544,0.2217,0.7917,1.0,13.0,475.52915666194167,False,False,0.02,False,,
20260710_221619_b-n0001,userlm,TinyLlama-1.1B-Chat-v1.0,piper,vosk,floor,0,1,0.0,0.0,0.0,0.0559,0.7621,1.0,0.0,20.0,147.0998531280784,False,False,0.02,False,,
20260710_222449_b-n0001_02,userlm,TinyLlama-1.1B-Chat-v1.0,piper,faster_whisper,ceiling,3,1,0.0,0.0,0.0,0.1125,0.0,0.0,1.0,0.0,5.181564339087345,False,False,0.02,False,,
20260710_222619_b-n0001,userlm,TinyLlama-1.1B-Chat-v1.0,piper,faster_whisper,nominal,2,1,0.0,0.0,0.0,0.1125,0.0,0.0,1.0,0.0,2.357118220999837,False,False,0.02,False,,
20260710_223621_b-n0001,userlm,TinyLlama-1.1B-Chat-v1.0,piper,vosk,nominal,2,1,1.0,1.0,1.0,0.9327,0.2366,0.9412,1.0,11.0,510.87036210193764,False,False,0.02,False,,
20260710_224022_b-n0001,userlm,TinyLlama-1.1B-Chat-v1.0,piper,vosk,challenging,1,1,1.0,1.0,1.0,0.9001,0.3291,0.92,0.6667,20.0,529.24419468001,False,False,0.02,False,,
20260710_224952_b-n0001,userlm,TinyLlama-1.1B-Chat-v1.0,piper,faster_whisper,challenging,1,1,0.0,0.0,0.0,0.1125,0.0,0.0,1.0,0.0,2.3223425400210544,False,False,0.02,False,,
20260710_225152_b-n0001,userlm,TinyLlama-1.1B-Chat-v1.0,piper,vosk,floor,0,1,0.0,0.0,0.0,0.1125,0.0,0.0,1.0,0.0,2.311408128007315,False,False,0.02,False,,
20260710_225423_b-n0001,userlm,TinyLlama-1.1B-Chat-v1.0,piper,faster_whisper,ceiling,3,1,0.0,0.0,0.0,0.1125,0.0,0.0,1.0,0.0,2.3486321319360286,False,False,0.02,False,,
20260710_225453_b-n0001,userlm,TinyLlama-1.1B-Chat-v1.0,piper,faster_whisper,floor,0,1,0.0,0.0,0.0,0.1125,0.0,0.0,1.0,0.0,2.112508791964501,False,False,0.02,False,,
20260710_230555_b-n0001,userlm,TinyLlama-1.1B-Chat-v1.0,piper,vosk,nominal,2,1,1.0,1.0,1.0,0.9514,0.2674,1.0,1.0,11.0,446.69726698996965,False,False,0.02,False,,
20260710_230625_b-n0001,userlm,TinyLlama-1.1B-Chat-v1.0,piper,faster_whisper,ceiling,3,1,1.0,1.0,1.0,0.9252,0.0138,0.0,1.0,13.0,678.5523118609563,False,False,0.02,False,,
20260710_232827_b-n0001,userlm,TinyLlama-1.1B-Chat-v1.0,piper,faster_whisper,challenging,1,1,1.0,1.0,1.0,0.935,0.0612,0.0417,1.0,11.0,898.6044761789963,False,False,0.02,False,,
20260710_233127_b-n0001,userlm,TinyLlama-1.1B-Chat-v1.0,piper,vosk,nominal,2,1,1.0,1.0,1.0,0.9396,0.2085,1.0,1.0,15.0,583.6537053069333,False,False,0.02,False,,
20260710_233429_b-n0001,userlm,TinyLlama-1.1B-Chat-v1.0,piper,vosk,floor,0,1,0.0,0.0,0.0,0.0631,0.7952,1.0,1.0,5.0,32.21942165005021,False,False,0.02,False,,
20260710_234803_b-n0001,userlm,TinyLlama-1.1B-Chat-v1.0,piper,vosk,ceiling,3,1,1.0,1.0,1.0,0.9213,0.2143,0.7619,1.0,20.0,586.6877484240104,False,False,0.02,False,,
20260710_234829_b-n0001,userlm,TinyLlama-1.1B-Chat-v1.0,piper,vosk,ceiling,3,1,1.0,1.0,1.0,0.9492,0.2542,0.931,1.0,15.0,468.84074670705013,False,False,0.02,False,,
20260710_235630_b-n0001,userlm,TinyLlama-1.1B-Chat-v1.0,piper,vosk,challenging,1,1,1.0,1.0,1.0,0.8951,0.227,1.0,0.6667,19.0,510.57466405199375,False,False,0.02,False,,
20260710_235830_b-n0001,userlm,TinyLlama-1.1B-Chat-v1.0,piper,vosk,floor,0,1,0.0,0.0,0.0,0.0602,0.7336,1.0,0.0,15.0,110.22254919307306,False,False,0.02,False,,
20260711_000932_b-n0001,userlm,TinyLlama-1.1B-Chat-v1.0,piper,vosk,nominal,2,1,1.0,1.0,1.0,0.9532,0.2319,0.84,1.0,13.0,511.9270829570014,False,False,0.02,False,,
20260711_001301_b-n0001,userlm,TinyLlama-1.1B-Chat-v1.0,piper,vosk,ceiling,3,1,1.0,1.0,1.0,0.9034,0.2188,0.7826,1.0,20.0,546.0973585110623,False,False,0.02,False,,
20260711_001504_b-n0001,userlm,TinyLlama-1.1B-Chat-v1.0,piper,faster_whisper,nominal,2,1,1.0,1.0,1.0,0.9722,0.0656,0.0,1.0,11.0,792.7817416040925,False,False,0.02,False,,
20260711_001901_b-n0001,userlm,TinyLlama-1.1B-Chat-v1.0,piper,vosk,ceiling,3,1,1.0,1.0,1.0,0.908,0.1821,0.8,1.0,19.0,414.24002507003024,False,False,0.02,False,,
20260711_003303_b-n0001,userlm,TinyLlama-1.1B-Chat-v1.0,piper,vosk,floor,0,1,0.0,0.0,0.0,0.0746,0.6747,1.0,1.0,5.0,40.99315427499823,False,False,0.02,False,,
20260711_003733_b-n0001,userlm,TinyLlama-1.1B-Chat-v1.0,piper,vosk,ceiling,3,1,1.0,1.0,1.0,0.9547,0.2195,0.7917,1.0,13.0,499.1836370580131,False,False,0.02,False,,
20260711_004003_b-n0001,userlm,TinyLlama-1.1B-Chat-v1.0,piper,vosk,ceiling,3,1,1.0,1.0,1.0,0.9165,0.1929,0.7895,1.0,17.0,439.0962141220225,False,False,0.02,False,,
20260711_004234_b-n0001,userlm,TinyLlama-1.1B-Chat-v1.0,piper,vosk,challenging,1,1,1.0,1.0,1.0,0.9117,0.2518,0.7895,1.0,17.0,546.9089225840289,False,False,0.02,False,,
20260711_004736_b-n0001,userlm,TinyLlama-1.1B-Chat-v1.0,piper,vosk,ceiling,3,1,1.0,1.0,1.0,0.9408,0.2302,0.84,1.0,19.0,528.8527033880819,False,False,0.02,False,,
20260711_010106_b-n0001,userlm,TinyLlama-1.1B-Chat-v1.0,piper,vosk,ceiling,3,1,1.0,1.0,1.0,0.9079,0.1673,0.8421,1.0,20.0,540.0425052409992,False,False,0.02,False,,
20260711_010136_b-n0001,userlm,TinyLlama-1.1B-Chat-v1.0,piper,vosk,ceiling,3,1,1.0,1.0,1.0,0.8964,0.1471,0.8889,1.0,20.0,351.417389050941,False,False,0.02,False,,
20260711_010706_b-n0001,userlm,TinyLlama-1.1B-Chat-v1.0,piper,vosk,floor,0,1,0.0,0.0,0.0,0.0708,0.6988,1.0,1.0,5.0,39.7716734809801,False,False,0.02,False,,
20260711_011136_b-n0001_02,userlm,TinyLlama-1.1B-Chat-v1.0,piper,vosk,nominal,2,1,1.0,1.0,1.0,0.9277,0.2347,0.8824,1.0,20.0,607.4811859249603,False,False,0.02,False,,
20260711_011337_b-n0001,userlm,TinyLlama-1.1B-Chat-v1.0,piper,vosk,ceiling,3,1,0.0,0.0,0.0,0.1125,0.0,0.0,1.0,0.0,3.130950086051598,False,False,0.02,False,,
20260711_012109_b-n0001,userlm,TinyLlama-1.1B-Chat-v1.0,piper,vosk,ceiling,3,1,1.0,1.0,1.0,0.9406,0.2324,0.9333,1.0,17.0,528.1008942829212,False,False,0.02,False,,
20260711_012438_b-n0001,userlm,TinyLlama-1.1B-Chat-v1.0,piper,vosk,ceiling,3,1,1.0,1.0,1.0,0.9541,0.2292,0.8333,1.0,11.0,428.14697439200245,False,False,0.02,False,,
20260711_012539_b-n0001,userlm,TinyLlama-1.1B-Chat-v1.0,piper,vosk,ceiling,3,1,1.0,1.0,1.0,0.9369,0.2061,0.84,1.0,15.0,470.8541623229394,False,False,0.02,False,,
20260711_013709_b-n0001,userlm,TinyLlama-1.1B-Chat-v1.0,piper,vosk,challenging,1,1,1.0,1.0,1.0,0.9166,0.3042,0.9032,1.0,20.0,465.5319931390695,False,False,0.02,False,,
20260711_014439_b-n0001,userlm,TinyLlama-1.1B-Chat-v1.0,piper,vosk,ceiling,3,1,1.0,1.0,1.0,0.9535,0.2344,0.7917,1.0,11.0,427.38502701104153,False,False,0.02,False,,
20260711_014510_b-n0001,userlm,TinyLlama-1.1B-Chat-v1.0,piper,vosk,challenging,1,1,0.0,1.0,0.0,0.8764,0.3267,0.9,1.0,20.0,570.6389957070351,False,False,0.02,False,,
20260711_014809_b-n0001,userlm,TinyLlama-1.1B-Chat-v1.0,piper,vosk,ceiling,3,1,1.0,1.0,1.0,0.9372,0.2123,0.7778,1.0,13.0,508.5248126470251,False,False,0.02,False,,
20260711_020514_b-n0001,userlm,TinyLlama-1.1B-Chat-v1.0,piper,vosk,ceiling,3,1,1.0,1.0,1.0,0.9532,0.2344,0.7917,1.0,11.0,456.12231849797536,False,False,0.02,False,,
20260711_021015_b-n0001,userlm,TinyLlama-1.1B-Chat-v1.0,piper,vosk,ceiling,3,1,1.0,1.0,1.0,0.9537,0.2315,0.7917,1.0,13.0,437.30181250802707,False,False,0.02,False,,
20260712_172328_b-n0001,userlm,TinyLlama-1.1B-Chat-v1.0,piper,vosk,floor,0,1,0.0,0.0,0.0,0.1125,0.0,0.0,1.0,0.0,1.754989008884877,False,False,0.02,False,,
20260712_172332_b-n0001,userlm,TinyLlama-1.1B-Chat-v1.0,piper,vosk,nominal,2,1,0.0,0.0,0.0,0.1125,0.0,0.0,1.0,0.0,1.784691059961915,False,False,0.02,False,,
20260712_172529_b-n0001_02,userlm,TinyLlama-1.1B-Chat-v1.0,piper,vosk,ceiling,3,1,0.0,0.0,0.0,0.1125,0.0,0.0,1.0,0.0,3.432345842011273,False,False,0.02,False,,
20260712_172529_b-n0001_03,userlm,TinyLlama-1.1B-Chat-v1.0,piper,faster_whisper,ceiling,3,1,0.0,0.0,0.0,0.1125,0.0,0.0,1.0,0.0,2.113784417975694,False,False,0.02,False,,
20260712_190256_b-n0001,userlm,TinyLlama-1.1B-Chat-v1.0,piper,vosk,challenging,1,1,0.0,0.0,0.0,0.1125,0.0,0.0,1.0,0.0,1.8763412979897112,False,False,0.02,False,,
20260712_190354_b-n0001,userlm,TinyLlama-1.1B-Chat-v1.0,piper,vosk,challenging,1,1,0.0,0.0,0.0,0.1125,0.0,0.0,1.0,0.0,1.5318447479512542,False,False,0.02,False,,
20260712_190354_b-n0001_02,userlm,TinyLlama-1.1B-Chat-v1.0,piper,faster_whisper,nominal,2,1,0.0,0.0,0.0,0.1125,0.0,0.0,1.0,0.0,3.2241093749180436,False,False,0.02,False,,
20260712_190455_b-n0001,userlm,TinyLlama-1.1B-Chat-v1.0,piper,vosk,nominal,2,1,0.0,0.0,0.0,0.1125,0.0,0.0,1.0,0.0,1.9588065531570464,False,False,0.02,False,,
20260712_190558_b-n0001,userlm,TinyLlama-1.1B-Chat-v1.0,piper,vosk,floor,0,1,0.0,0.0,0.0,0.1125,0.0,0.0,1.0,0.0,1.8473095509689301,False,False,0.02,False,,
20260712_190655_b-n0001,userlm,TinyLlama-1.1B-Chat-v1.0,piper,vosk,challenging,1,1,0.0,0.0,0.0,0.1125,0.0,0.0,1.0,0.0,3.1554172199685127,False,False,0.02,False,,
20260712_190657_b-n0001,userlm,TinyLlama-1.1B-Chat-v1.0,piper,faster_whisper,ceiling,3,1,0.0,0.0,0.0,0.1125,0.0,0.0,1.0,0.0,5.340527035063133,False,False,0.02,False,,
20260712_192833_b-n0001,userlm,TinyLlama-1.1B-Chat-v1.0,piper,faster_whisper,challenging,1,1,0.0,0.0,0.0,0.1125,0.0,0.0,1.0,0.0,1.8497728849761188,False,False,0.02,False,,
20260712_192937_b-n0001,userlm,TinyLlama-1.1B-Chat-v1.0,piper,vosk,nominal,2,1,0.0,0.0,0.0,0.1125,0.0,0.0,1.0,0.0,1.5208768211305141,False,False,0.02,False,,
20260712_193138_b-n0001,userlm,TinyLlama-1.1B-Chat-v1.0,piper,vosk,floor,0,1,0.0,0.0,0.0,0.1125,0.0,0.0,1.0,0.0,3.926524593960494,False,False,0.02,False,,
20260712_193207_b-n0001,userlm,TinyLlama-1.1B-Chat-v1.0,piper,vosk,ceiling,3,1,0.0,0.0,0.0,0.1125,0.0,0.0,1.0,0.0,1.4634303280618042,False,False,0.02,False,,
20260712_193312_b-n0001,userlm,TinyLlama-1.1B-Chat-v1.0,piper,vosk,ceiling,3,1,0.0,0.0,0.0,0.1125,0.0,0.0,1.0,0.0,4.233510414138436,False,False,0.02,False,,
20260712_193339_b-n0001_02,userlm,TinyLlama-1.1B-Chat-v1.0,piper,vosk,ceiling,3,1,0.0,0.0,0.0,0.1125,0.0,0.0,1.0,0.0,1.4826819249428809,False,False,0.02,False,,
20260712_193408_b-n0001,userlm,TinyLlama-1.1B-Chat-v1.0,piper,vosk,nominal,2,1,0.0,0.0,0.0,0.1125,0.0,0.0,1.0,0.0,1.3449619899038225,False,False,0.02,False,,
20260712_193539_b-n0001_03,userlm,TinyLlama-1.1B-Chat-v1.0,piper,vosk,nominal,2,1,0.0,0.0,0.0,0.1125,0.0,0.0,1.0,0.0,1.4537248010747135,False,False,0.02,False,,
20260712_193641_b-n0001,userlm,TinyLlama-1.1B-Chat-v1.0,piper,vosk,ceiling,3,1,0.0,0.0,0.0,0.1125,0.0,0.0,1.0,0.0,4.271024055080488,False,False,0.02,False,,
20260712_195722_b-n0001,userlm,TinyLlama-1.1B-Chat-v1.0,piper,vosk,challenging,1,1,0.0,0.0,0.0,0.1125,0.0,0.0,1.0,0.0,1.4533508501481265,False,False,0.02,False,,
20260712_195723_b-n0001,userlm,TinyLlama-1.1B-Chat-v1.0,piper,vosk,challenging,1,1,0.0,0.0,0.0,0.1125,0.0,0.0,1.0,0.0,1.4677869209554046,False,False,0.02,False,,
20260712_195920_b-n0001,userlm,TinyLlama-1.1B-Chat-v1.0,piper,vosk,ceiling,3,1,0.0,0.0,0.0,0.1125,0.0,0.0,1.0,0.0,3.2725954209454358,False,False,0.02,False,,
20260712_195923_b-n0001_03,userlm,TinyLlama-1.1B-Chat-v1.0,piper,vosk,floor,0,1,0.0,0.0,0.0,0.1125,0.0,0.0,1.0,0.0,1.470435273135081,False,False,0.02,False,,
20260712_200124_b-n0001_02,userlm,TinyLlama-1.1B-Chat-v1.0,piper,vosk,ceiling,3,1,0.0,0.0,0.0,0.1125,0.0,0.0,1.0,0.0,3.457087679998949,False,False,0.02,False,,
20260712_200124_b-n0001_03,userlm,TinyLlama-1.1B-Chat-v1.0,piper,vosk,floor,0,1,0.0,0.0,0.0,0.1125,0.0,0.0,1.0,0.0,1.4568237711209804,False,False,0.02,False,,
20260712_202308_b-n0001,userlm,TinyLlama-1.1B-Chat-v1.0,piper,vosk,ceiling,3,1,0.0,0.0,0.0,0.1125,0.0,0.0,1.0,0.0,1.7351112710312009,False,False,0.02,False,,
20260712_202334_b-n0001_02,userlm,TinyLlama-1.1B-Chat-v1.0,piper,vosk,ceiling,3,1,0.0,0.0,0.0,0.1125,0.0,0.0,1.0,0.0,3.3995318969246,False,False,0.02,False,,
20260712_202535_b-n0001,userlm,TinyLlama-1.1B-Chat-v1.0,piper,vosk,ceiling,3,1,0.0,0.0,0.0,0.1125,0.0,0.0,1.0,0.0,3.4424782178830355,False,False,0.02,False,,
20260712_202548_b-n0001,userlm,TinyLlama-1.1B-Chat-v1.0,piper,faster_whisper,ceiling,3,1,0.0,0.0,0.0,0.1125,0.0,0.0,1.0,0.0,1.4497692540753633,False,False,0.02,False,,
20260712_202717_b-n0001,userlm,TinyLlama-1.1B-Chat-v1.0,piper,faster_whisper,ceiling,3,1,0.0,0.0,0.0,0.1125,0.0,0.0,1.0,0.0,3.0141642061062157,False,False,0.02,False,,
20260712_202748_b-n0001,userlm,TinyLlama-1.1B-Chat-v1.0,piper,faster_whisper,nominal,2,1,0.0,0.0,0.0,0.1125,0.0,0.0,1.0,0.0,2.8041468909941614,False,False,0.02,False,,
20260712_202748_b-n0001_02,userlm,TinyLlama-1.1B-Chat-v1.0,piper,faster_whisper,nominal,2,1,0.0,0.0,0.0,0.1125,0.0,0.0,1.0,0.0,1.5393317979760468,False,False,0.02,False,,
20260712_203219_b-n0001,userlm,TinyLlama-1.1B-Chat-v1.0,piper,faster_whisper,challenging,1,1,0.0,0.0,0.0,0.1125,0.0,0.0,1.0,0.0,1.6395074999891222,False,False,0.02,False,,
20260712_203351_b-n0001,userlm,TinyLlama-1.1B-Chat-v1.0,piper,faster_whisper,challenging,1,1,0.0,0.0,0.0,0.1125,0.0,0.0,1.0,0.0,4.105144964065403,False,False,0.02,False,,
20260712_203616_b-n0001,userlm,TinyLlama-1.1B-Chat-v1.0,piper,faster_whisper,nominal,2,1,0.0,0.0,0.0,0.1125,0.0,0.0,1.0,0.0,2.081876754993573,False,False,0.02,False,,
20260712_203623_b-n0001,userlm,TinyLlama-1.1B-Chat-v1.0,piper,faster_whisper,floor,0,1,0.0,0.0,0.0,0.1125,0.0,0.0,1.0,0.0,1.5060647050850093,False,False,0.02,False,,
20260712_203822_b-n0001,userlm,TinyLlama-1.1B-Chat-v1.0,piper,faster_whisper,ceiling,3,1,0.0,0.0,0.0,0.1125,0.0,0.0,1.0,0.0,1.8092398431617767,False,False,0.02,False,,
20260712_204023_b-n0001_02,userlm,TinyLlama-1.1B-Chat-v1.0,piper,faster_whisper,challenging,1,1,0.0,0.0,0.0,0.1125,0.0,0.0,1.0,0.0,1.480261473916471,False,False,0.02,False,,
20260712_204218_b-n0001,userlm,TinyLlama-1.1B-Chat-v1.0,piper,faster_whisper,floor,0,1,0.0,0.0,0.0,0.1125,0.0,0.0,1.0,0.0,2.1538520138710737,False,False,0.02,False,,
20260712_204223_b-n0001,userlm,TinyLlama-1.1B-Chat-v1.0,piper,faster_whisper,nominal,2,1,0.0,0.0,0.0,0.1125,0.0,0.0,1.0,0.0,2.0571076271589845,False,False,0.02,False,,
20260712_204224_b-n0001_02,userlm,TinyLlama-1.1B-Chat-v1.0,piper,faster_whisper,ceiling,3,1,0.0,0.0,0.0,0.1125,0.0,0.0,1.0,0.0,1.5620424111839384,False,False,0.02,False,,
20260712_204425_b-n0001,userlm,TinyLlama-1.1B-Chat-v1.0,piper,faster_whisper,ceiling,3,1,0.0,0.0,0.0,0.1125,0.0,0.0,1.0,0.0,1.8311860039830208,False,False,0.02,False,,
20260712_204626_b-n0001,userlm,TinyLlama-1.1B-Chat-v1.0,piper,faster_whisper,floor,0,1,0.0,0.0,0.0,0.1125,0.0,0.0,1.0,0.0,1.0582464199978858,False,False,0.02,False,,
20260712_204627_b-n0001,userlm,TinyLlama-1.1B-Chat-v1.0,piper,faster_whisper,floor,0,1,0.0,0.0,0.0,0.1125,0.0,0.0,1.0,0.0,1.0699357008561492,False,False,0.02,False,,
20260712_204826_b-n0001,userlm,TinyLlama-1.1B-Chat-v1.0,piper,faster_whisper,nominal,2,1,0.0,0.0,0.0,0.1125,0.0,0.0,1.0,0.0,1.8076988330576569,False,False,0.02,False,,
20260712_205027_b-n0001,userlm,TinyLlama-1.1B-Chat-v1.0,piper,faster_whisper,challenging,1,1,0.0,0.0,0.0,0.1125,0.0,0.0,1.0,0.0,2.770286099985242,False,False,0.02,False,,
20260712_205027_b-n0001_02,userlm,TinyLlama-1.1B-Chat-v1.0,piper,faster_whisper,challenging,1,1,0.0,0.0,0.0,0.1125,0.0,0.0,1.0,0.0,1.8650285289622843,False,False,0.02,False,,
