agent_a_type,agent_b_llm_size,agent_b_model,agent_b_model_role,run_type,speech_performance_band,configured_tts_engine,configured_asr_engine,asr_search_width,outcome_band,condition_count,task_success_count,route_valid_count,mean_constraint_satisfaction,mean_automatic_eval_score,mean_word_error_rate,mean_entity_error_rate,mean_repair_success_rate,mean_grounded_proposal_score,mean_turn_count,mean_runtime_sec,failure_phase_counts,interpretation
userlm,small,Qwen2.5-0.5B-Instruct,size_floor,audio_variant,ceiling,piper,vosk,16,successful,17,17,17,1.0,0.9285294117647059,0.19418823529411766,0.8285823529411765,1.0,1.0,16.941176470588236,407.83538289058623,none:17,derived outcome band; semi_successful means partial task progress without full task success
userlm,small,Qwen2.5-0.5B-Instruct,size_floor,audio_variant,challenging,piper,faster_whisper,6,successful,1,1,1,1.0,0.9692,0.085,0.0,1.0,1.0,9.0,654.2305019290652,none:1,derived outcome band; semi_successful means partial task progress without full task success
userlm,small,Qwen2.5-0.5B-Instruct,size_floor,audio_variant,challenging,piper,vosk,6,successful,4,4,4,1.0,0.92345,0.32882500000000003,0.8621,0.9375,1.0,20.0,528.5296650427626,none:4,derived outcome band; semi_successful means partial task progress without full task success
userlm,small,Qwen2.5-0.5B-Instruct,size_floor,audio_variant,nominal,piper,vosk,11,successful,5,5,5,1.0,0.9452,0.21982,0.9248799999999999,1.0,1.0,14.4,446.1569707346149,none:5,derived outcome band; semi_successful means partial task progress without full task success
userlm,small,Qwen2.5-0.5B-Instruct,size_floor,audio_variant,nominal,piper,faster_whisper,11,successful,1,1,1,1.0,0.9722,0.0656,0.0,1.0,1.0,11.0,626.0136017120676,none:1,derived outcome band; semi_successful means partial task progress without full task success
userlm,small,Qwen2.5-0.5B-Instruct,size_floor,audio_variant,ceiling,piper,faster_whisper,16,successful,1,1,1,1.0,0.9245,0.0218,0.0,1.0,1.0,15.0,592.514986715978,none:1,derived outcome band; semi_successful means partial task progress without full task success
userlm,small,Qwen2.5-0.5B-Instruct,pressure_small_qwen,audio_variant,ceiling,piper,faster_whisper,16,successful,6,6,6,1.0,0.9659166666666666,0.044750000000000005,0.10845,1.0,0.9926333333333334,11.0,514.701560799925,none:6,derived outcome band; semi_successful means partial task progress without full task success
userlm,small,Qwen2.5-0.5B-Instruct,pressure_small_qwen,audio_variant,challenging,piper,faster_whisper,6,successful,2,2,2,1.0,0.95475,0.05025,0.0,1.0,0.9779,8.0,452.3782086521387,none:2,derived outcome band; semi_successful means partial task progress without full task success
userlm,small,Qwen2.5-0.5B-Instruct,size_floor,text_only,floor,piper,vosk,1,successful,5,5,5,1.0,0.95214,0.01008,0.04536,0.2,1.0,13.4,428.10675783639306,none:5,derived outcome band; semi_successful means partial task progress without full task success
userlm,small,Qwen2.5-0.5B-Instruct,size_floor,text_only,ceiling,piper,vosk,16,successful,17,17,17,1.0,0.9729411764705882,0.008858823529411766,0.017776470588235296,1.0,1.0,9.588235294117647,351.87174602158314,none:17,derived outcome band; semi_successful means partial task progress without full task success
userlm,small,Qwen2.5-0.5B-Instruct,size_floor,text_only,challenging,piper,vosk,6,successful,5,5,5,1.0,0.9724600000000001,0.00944,0.01538,1.0,1.0,9.8,374.16266506141983,none:5,derived outcome band; semi_successful means partial task progress without full task success
userlm,small,Qwen2.5-0.5B-Instruct,size_floor,text_only,nominal,piper,vosk,11,successful,5,5,5,1.0,0.9728999999999999,0.0,0.0,1.0,0.9945999999999999,9.0,357.6485608229879,none:5,derived outcome band; semi_successful means partial task progress without full task success
userlm,small,Qwen2.5-0.5B-Instruct,size_floor,text_only,nominal,piper,faster_whisper,11,successful,1,1,1,1.0,0.9773,0.0,0.0,1.0,1.0,9.0,383.36872244102415,none:1,derived outcome band; semi_successful means partial task progress without full task success
userlm,small,Qwen2.5-0.5B-Instruct,size_floor,text_only,ceiling,piper,faster_whisper,16,successful,1,1,1,1.0,0.9262,0.0046,0.0,1.0,1.0,13.0,339.74273860198446,none:1,derived outcome band; semi_successful means partial task progress without full task success
userlm,small,Qwen2.5-0.5B-Instruct,size_floor,text_only,challenging,piper,faster_whisper,6,successful,1,1,1,1.0,0.9759,0.01,0.0,1.0,1.0,9.0,381.4648390021175,none:1,derived outcome band; semi_successful means partial task progress without full task success
userlm,small,Qwen2.5-0.5B-Instruct,pressure_small_qwen,text_only,ceiling,piper,faster_whisper,16,successful,7,7,7,1.0,0.9659571428571428,0.021514285714285715,0.10572857142857142,1.0,0.9898285714285714,11.0,540.5585662116563,none:7,derived outcome band; semi_successful means partial task progress without full task success
userlm,small,Qwen2.5-0.5B-Instruct,pressure_small_qwen,text_only,challenging,piper,faster_whisper,6,successful,2,2,2,1.0,0.9588,0.0,0.0,1.0,0.9779,8.0,377.3149673914304,none:2,derived outcome band; semi_successful means partial task progress without full task success
userlm,small,Qwen2.5-0.5B-Instruct,size_floor,audio_variant,challenging,piper,vosk,6,semi_successful,1,0,1,0.0,0.1286,0.2095,1.0,1.0,0.5,13.0,179.87326803593896,asr:1,derived outcome band; semi_successful means partial task progress without full task success
userlm,small,Qwen2.5-0.5B-Instruct,pressure_small_qwen,audio_variant,challenging,piper,faster_whisper,6,semi_successful,2,0,2,0.0,0.1377,0.058499999999999996,0.0,0.75,0.4034,13.0,275.599286987097,asr:2,derived outcome band; semi_successful means partial task progress without full task success
userlm,small,Qwen2.5-0.5B-Instruct,pressure_small_qwen,text_only,challenging,piper,faster_whisper,6,semi_successful,2,0,2,0.0,0.1421,0.017750000000000002,0.0,1.0,0.4034,13.5,76.75612884876318,backend_task_execution:2,derived outcome band; semi_successful means partial task progress without full task success
userlm,small,Qwen2.5-0.5B-Instruct,size_floor,audio_variant,floor,piper,vosk,1,unsuccessful,5,0,0,0.0,0.06448000000000001,0.74648,1.0,0.26666,0.0,11.8,74.1620984434383,asr:5,derived outcome band; semi_successful means partial task progress without full task success
userlm,small,Qwen2.5-0.5B-Instruct,size_floor,audio_variant,nominal,piper,faster_whisper,11,execution_incomplete,2,0,0,0.0,0.1125,0.0,0.0,1.0,0.0,0.0,2.795557251025457,task_outcome:2,derived outcome band; semi_successful means partial task progress without full task success
userlm,small,Qwen2.5-0.5B-Instruct,size_floor,audio_variant,ceiling,piper,faster_whisper,16,execution_incomplete,4,0,0,0.0,0.1125,0.0,0.0,1.0,0.0,0.0,3.493154744297499,task_outcome:4,derived outcome band; semi_successful means partial task progress without full task success
userlm,small,Qwen2.5-0.5B-Instruct,size_floor,audio_variant,floor,piper,faster_whisper,1,execution_incomplete,1,0,0,0.0,0.1125,0.0,0.0,1.0,0.0,0.0,2.166379231028259,task_outcome:1,derived outcome band; semi_successful means partial task progress without full task success
userlm,small,Qwen2.5-0.5B-Instruct,size_floor,audio_variant,challenging,piper,faster_whisper,6,execution_incomplete,2,0,0,0.0,0.1125,0.0,0.0,1.0,0.0,0.0,2.1945204384974204,task_outcome:2,derived outcome band; semi_successful means partial task progress without full task success
userlm,small,Qwen2.5-0.5B-Instruct,size_floor,audio_variant,floor,piper,vosk,1,execution_incomplete,6,0,0,0.0,0.1125,0.0,0.0,1.0,0.0,0.0,2.0962454361724667,task_outcome:6,derived outcome band; semi_successful means partial task progress without full task success
userlm,small,Qwen2.5-0.5B-Instruct,size_floor,audio_variant,ceiling,piper,vosk,16,execution_incomplete,11,0,0,0.0,0.1125,0.0,0.0,1.0,0.0,0.0,2.896390254164792,task_outcome:11,derived outcome band; semi_successful means partial task progress without full task success
userlm,small,Qwen2.5-0.5B-Instruct,size_floor,audio_variant,challenging,piper,vosk,6,execution_incomplete,5,0,0,0.0,0.1125,0.0,0.0,1.0,0.0,0.0,2.0299405798316004,task_outcome:5,derived outcome band; semi_successful means partial task progress without full task success
userlm,small,Qwen2.5-0.5B-Instruct,size_floor,audio_variant,nominal,piper,vosk,11,execution_incomplete,5,0,0,0.0,0.1125,0.0,0.0,1.0,0.0,0.0,1.6161940538324415,task_outcome:5,derived outcome band; semi_successful means partial task progress without full task success
userlm,small,Qwen2.5-0.5B-Instruct,pressure_small_qwen,audio_variant,ceiling,piper,faster_whisper,16,execution_incomplete,5,0,0,0.0,0.1125,0.0,0.0,1.0,0.0,0.0,2.0623104901053013,task_outcome:5,derived outcome band; semi_successful means partial task progress without full task success
userlm,small,Qwen2.5-0.5B-Instruct,pressure_small_qwen,audio_variant,nominal,piper,faster_whisper,11,execution_incomplete,5,0,0,0.0,0.1125,0.0,0.0,1.0,0.0,0.0,2.0013085818383844,task_outcome:5,derived outcome band; semi_successful means partial task progress without full task success
userlm,small,Qwen2.5-0.5B-Instruct,pressure_small_qwen,audio_variant,challenging,piper,faster_whisper,6,execution_incomplete,5,0,0,0.0,0.1125,0.0,0.0,1.0,0.0,0.0,2.1616618826054035,task_outcome:5,derived outcome band; semi_successful means partial task progress without full task success
userlm,small,Qwen2.5-0.5B-Instruct,pressure_small_qwen,audio_variant,floor,piper,faster_whisper,1,execution_incomplete,4,0,0,0.0,0.1125,0.0,0.0,1.0,0.0,0.0,1.3462585094966926,task_outcome:4,derived outcome band; semi_successful means partial task progress without full task success
userlm,small,Qwen2.5-0.5B-Instruct,size_floor,text_only,nominal,piper,faster_whisper,11,execution_incomplete,2,0,0,0.0,0.1125,0.0,0.0,1.0,0.0,0.0,2.824554097955115,task_outcome:2,derived outcome band; semi_successful means partial task progress without full task success
userlm,small,Qwen2.5-0.5B-Instruct,size_floor,text_only,ceiling,piper,faster_whisper,16,execution_incomplete,4,0,0,0.0,0.1125,0.0,0.0,1.0,0.0,0.0,3.556527316774009,task_outcome:4,derived outcome band; semi_successful means partial task progress without full task success
userlm,small,Qwen2.5-0.5B-Instruct,size_floor,text_only,floor,piper,faster_whisper,1,execution_incomplete,1,0,0,0.0,0.1125,0.0,0.0,1.0,0.0,0.0,2.315190599998459,task_outcome:1,derived outcome band; semi_successful means partial task progress without full task success
userlm,small,Qwen2.5-0.5B-Instruct,size_floor,text_only,challenging,piper,faster_whisper,6,execution_incomplete,2,0,0,0.0,0.1125,0.0,0.0,1.0,0.0,0.0,1.9828141144826077,task_outcome:2,derived outcome band; semi_successful means partial task progress without full task success
userlm,small,Qwen2.5-0.5B-Instruct,size_floor,text_only,floor,piper,vosk,1,execution_incomplete,6,0,0,0.0,0.1125,0.0,0.0,1.0,0.0,0.0,2.1156440934864804,task_outcome:6,derived outcome band; semi_successful means partial task progress without full task success
userlm,small,Qwen2.5-0.5B-Instruct,size_floor,text_only,ceiling,piper,vosk,16,execution_incomplete,11,0,0,0.0,0.1125,0.0,0.0,1.0,0.0,0.0,2.8717893886760892,task_outcome:11,derived outcome band; semi_successful means partial task progress without full task success
userlm,small,Qwen2.5-0.5B-Instruct,size_floor,text_only,challenging,piper,vosk,6,execution_incomplete,5,0,0,0.0,0.1125,0.0,0.0,1.0,0.0,0.0,1.8753627542406321,task_outcome:5,derived outcome band; semi_successful means partial task progress without full task success
userlm,small,Qwen2.5-0.5B-Instruct,size_floor,text_only,nominal,piper,vosk,11,execution_incomplete,5,0,0,0.0,0.1125,0.0,0.0,1.0,0.0,0.0,1.6389029366429895,task_outcome:5,derived outcome band; semi_successful means partial task progress without full task success
userlm,small,Qwen2.5-0.5B-Instruct,pressure_small_qwen,text_only,ceiling,piper,faster_whisper,16,execution_incomplete,5,0,0,0.0,0.1125,0.0,0.0,1.0,0.0,0.0,1.9971485795918853,task_outcome:5,derived outcome band; semi_successful means partial task progress without full task success
userlm,small,Qwen2.5-0.5B-Instruct,pressure_small_qwen,text_only,nominal,piper,faster_whisper,11,execution_incomplete,5,0,0,0.0,0.1125,0.0,0.0,1.0,0.0,0.0,2.017264253133908,task_outcome:5,derived outcome band; semi_successful means partial task progress without full task success
userlm,small,Qwen2.5-0.5B-Instruct,pressure_small_qwen,text_only,challenging,piper,faster_whisper,6,execution_incomplete,5,0,0,0.0,0.1125,0.0,0.0,1.0,0.0,0.0,2.178660361887887,task_outcome:5,derived outcome band; semi_successful means partial task progress without full task success
userlm,small,Qwen2.5-0.5B-Instruct,pressure_small_qwen,text_only,floor,piper,faster_whisper,1,execution_incomplete,4,0,0,0.0,0.1125,0.0,0.0,1.0,0.0,0.0,1.2897779490449466,task_outcome:4,derived outcome band; semi_successful means partial task progress without full task success
userlm,small,TinyLlama-1.1B-Chat-v1.0,contained_baseline,audio_variant,ceiling,piper,vosk,16,successful,17,17,17,1.0,0.9342235294117647,0.21343529411764706,0.8222882352941177,1.0,1.0,15.705882352941176,476.8484403468285,none:17,derived outcome band; semi_successful means partial task progress without full task success
userlm,small,TinyLlama-1.1B-Chat-v1.0,contained_baseline,audio_variant,nominal,piper,vosk,11,successful,5,5,5,1.0,0.94092,0.23582,0.93272,1.0,0.99328,14.0,532.1259206561605,none:5,derived outcome band; semi_successful means partial task progress without full task success
userlm,small,TinyLlama-1.1B-Chat-v1.0,contained_baseline,audio_variant,challenging,piper,vosk,6,successful,4,4,4,1.0,0.905875,0.278025,0.9031750000000001,0.83335,1.0,19.0,513.0649436137755,none:4,derived outcome band; semi_successful means partial task progress without full task success
userlm,small,TinyLlama-1.1B-Chat-v1.0,contained_baseline,audio_variant,ceiling,piper,faster_whisper,16,successful,1,1,1,1.0,0.9252,0.0138,0.0,1.0,1.0,13.0,678.5523118609563,none:1,derived outcome band; semi_successful means partial task progress without full task success
userlm,small,TinyLlama-1.1B-Chat-v1.0,contained_baseline,audio_variant,challenging,piper,faster_whisper,6,successful,1,1,1,1.0,0.935,0.0612,0.0417,1.0,0.9688,11.0,898.6044761789963,none:1,derived outcome band; semi_successful means partial task progress without full task success
userlm,small,TinyLlama-1.1B-Chat-v1.0,contained_baseline,audio_variant,nominal,piper,faster_whisper,11,successful,1,1,1,1.0,0.9722,0.0656,0.0,1.0,1.0,11.0,792.7817416040925,none:1,derived outcome band; semi_successful means partial task progress without full task success
userlm,small,TinyLlama-1.1B-Chat-v1.0,pressure_small_baseline,audio_variant,ceiling,piper,faster_whisper,16,successful,6,6,6,1.0,0.9635333333333334,0.048683333333333335,0.10228333333333334,1.0,0.9926333333333334,11.5,535.7904916125117,none:6,derived outcome band; semi_successful means partial task progress without full task success
userlm,small,TinyLlama-1.1B-Chat-v1.0,pressure_small_baseline,audio_variant,challenging,piper,faster_whisper,6,successful,2,2,2,1.0,0.95715,0.01855,0.0,1.0,0.9779,8.0,409.5952990174992,none:2,derived outcome band; semi_successful means partial task progress without full task success
userlm,small,TinyLlama-1.1B-Chat-v1.0,contained_baseline,text_only,ceiling,piper,vosk,16,successful,17,17,17,1.0,0.973329411764706,0.008541176470588234,0.017776470588235296,1.0,1.0,9.588235294117647,433.25934253352256,none:17,derived outcome band; semi_successful means partial task progress without full task success
userlm,small,TinyLlama-1.1B-Chat-v1.0,contained_baseline,text_only,floor,piper,vosk,1,successful,5,5,5,1.0,0.9462999999999999,0.01082,0.04758,0.2,1.0,13.4,497.592038410157,none:5,derived outcome band; semi_successful means partial task progress without full task success
userlm,small,TinyLlama-1.1B-Chat-v1.0,contained_baseline,text_only,nominal,piper,vosk,11,successful,5,5,5,1.0,0.9728199999999999,0.0,0.0,1.0,0.9945999999999999,9.0,441.6969981736038,none:5,derived outcome band; semi_successful means partial task progress without full task success
userlm,small,TinyLlama-1.1B-Chat-v1.0,contained_baseline,text_only,challenging,piper,vosk,6,successful,5,5,5,1.0,0.97234,0.0047,0.01538,1.0,1.0,9.8,478.7737916017883,none:5,derived outcome band; semi_successful means partial task progress without full task success
userlm,small,TinyLlama-1.1B-Chat-v1.0,contained_baseline,text_only,ceiling,piper,faster_whisper,16,successful,1,1,1,1.0,0.9262,0.0046,0.0,1.0,1.0,13.0,407.44844465598,none:1,derived outcome band; semi_successful means partial task progress without full task success
userlm,small,TinyLlama-1.1B-Chat-v1.0,contained_baseline,text_only,challenging,piper,faster_whisper,6,successful,1,1,1,1.0,0.9759,0.01,0.0,1.0,1.0,9.0,453.641482441104,none:1,derived outcome band; semi_successful means partial task progress without full task success
userlm,small,TinyLlama-1.1B-Chat-v1.0,contained_baseline,text_only,nominal,piper,faster_whisper,11,successful,1,1,1,1.0,0.9773,0.0,0.0,1.0,1.0,9.0,452.6688600119669,none:1,derived outcome band; semi_successful means partial task progress without full task success
userlm,small,TinyLlama-1.1B-Chat-v1.0,pressure_small_baseline,text_only,ceiling,piper,faster_whisper,16,successful,7,7,7,1.0,0.9659571428571428,0.021514285714285715,0.10572857142857142,1.0,0.9898285714285714,11.0,541.414933897821,none:7,derived outcome band; semi_successful means partial task progress without full task success
userlm,small,TinyLlama-1.1B-Chat-v1.0,pressure_small_baseline,text_only,challenging,piper,faster_whisper,6,successful,2,2,2,1.0,0.9588,0.0,0.0,1.0,0.9779,8.0,381.55396382848267,none:2,derived outcome band; semi_successful means partial task progress without full task success
userlm,small,TinyLlama-1.1B-Chat-v1.0,contained_baseline,audio_variant,challenging,piper,vosk,6,semi_successful,1,0,1,0.0,0.8764,0.3267,0.9,1.0,0.7095,20.0,570.6389957070351,asr:1,derived outcome band; semi_successful means partial task progress without full task success
userlm,small,TinyLlama-1.1B-Chat-v1.0,pressure_small_baseline,audio_variant,challenging,piper,faster_whisper,6,semi_successful,2,0,2,0.0,0.13565,0.06915,0.0,0.5,0.4034,10.0,700.7149984729476,asr:2,derived outcome band; semi_successful means partial task progress without full task success
userlm,small,TinyLlama-1.1B-Chat-v1.0,pressure_small_baseline,text_only,challenging,piper,faster_whisper,6,semi_successful,2,0,2,0.0,0.1401,0.016,0.0,1.0,0.4034,13.0,139.33722757385112,backend_task_execution:2,derived outcome band; semi_successful means partial task progress without full task success
userlm,small,TinyLlama-1.1B-Chat-v1.0,contained_baseline,audio_variant,floor,piper,vosk,1,unsuccessful,5,0,0,0.0,0.06492,0.73288,1.0,0.6,0.0,10.0,74.061330345436,asr:5,derived outcome band; semi_successful means partial task progress without full task success
userlm,small,TinyLlama-1.1B-Chat-v1.0,contained_baseline,audio_variant,ceiling,piper,faster_whisper,16,execution_incomplete,4,0,0,0.0,0.1125,0.0,0.0,1.0,0.0,0.0,3.74612698101555,task_outcome:4,derived outcome band; semi_successful means partial task progress without full task success
userlm,small,TinyLlama-1.1B-Chat-v1.0,contained_baseline,audio_variant,nominal,piper,faster_whisper,11,execution_incomplete,2,0,0,0.0,0.1125,0.0,0.0,1.0,0.0,0.0,2.7906137979589403,task_outcome:2,derived outcome band; semi_successful means partial task progress without full task success
userlm,small,TinyLlama-1.1B-Chat-v1.0,contained_baseline,audio_variant,challenging,piper,faster_whisper,6,execution_incomplete,2,0,0,0.0,0.1125,0.0,0.0,1.0,0.0,0.0,2.0860577124985866,task_outcome:2,derived outcome band; semi_successful means partial task progress without full task success
userlm,small,TinyLlama-1.1B-Chat-v1.0,contained_baseline,audio_variant,floor,piper,vosk,1,execution_incomplete,6,0,0,0.0,0.1125,0.0,0.0,1.0,0.0,0.0,2.1279150543462797,task_outcome:6,derived outcome band; semi_successful means partial task progress without full task success
userlm,small,TinyLlama-1.1B-Chat-v1.0,contained_baseline,audio_variant,floor,piper,faster_whisper,1,execution_incomplete,1,0,0,0.0,0.1125,0.0,0.0,1.0,0.0,0.0,2.112508791964501,task_outcome:1,derived outcome band; semi_successful means partial task progress without full task success
userlm,small,TinyLlama-1.1B-Chat-v1.0,contained_baseline,audio_variant,ceiling,piper,vosk,16,execution_incomplete,11,0,0,0.0,0.1125,0.0,0.0,1.0,0.0,0.0,3.0291588306427,task_outcome:11,derived outcome band; semi_successful means partial task progress without full task success
userlm,small,TinyLlama-1.1B-Chat-v1.0,contained_baseline,audio_variant,nominal,piper,vosk,11,execution_incomplete,5,0,0,0.0,0.1125,0.0,0.0,1.0,0.0,0.0,1.6126122450456024,task_outcome:5,derived outcome band; semi_successful means partial task progress without full task success
userlm,small,TinyLlama-1.1B-Chat-v1.0,contained_baseline,audio_variant,challenging,piper,vosk,6,execution_incomplete,5,0,0,0.0,0.1125,0.0,0.0,1.0,0.0,0.0,1.8969482074026018,task_outcome:5,derived outcome band; semi_successful means partial task progress without full task success
userlm,small,TinyLlama-1.1B-Chat-v1.0,pressure_small_baseline,audio_variant,ceiling,piper,faster_whisper,16,execution_incomplete,5,0,0,0.0,0.1125,0.0,0.0,1.0,0.0,0.0,1.933280343702063,task_outcome:5,derived outcome band; semi_successful means partial task progress without full task success
userlm,small,TinyLlama-1.1B-Chat-v1.0,pressure_small_baseline,audio_variant,nominal,piper,faster_whisper,11,execution_incomplete,5,0,0,0.0,0.1125,0.0,0.0,1.0,0.0,0.0,2.0580323808360843,task_outcome:5,derived outcome band; semi_successful means partial task progress without full task success
userlm,small,TinyLlama-1.1B-Chat-v1.0,pressure_small_baseline,audio_variant,challenging,piper,faster_whisper,6,execution_incomplete,5,0,0,0.0,0.1125,0.0,0.0,1.0,0.0,0.0,2.3720457133837045,task_outcome:5,derived outcome band; semi_successful means partial task progress without full task success
userlm,small,TinyLlama-1.1B-Chat-v1.0,pressure_small_baseline,audio_variant,floor,piper,faster_whisper,1,execution_incomplete,4,0,0,0.0,0.1125,0.0,0.0,1.0,0.0,0.0,1.4470247099525295,task_outcome:4,derived outcome band; semi_successful means partial task progress without full task success
userlm,small,TinyLlama-1.1B-Chat-v1.0,contained_baseline,text_only,ceiling,piper,faster_whisper,16,execution_incomplete,4,0,0,0.0,0.1125,0.0,0.0,1.0,0.0,0.0,3.4795492665143684,task_outcome:4,derived outcome band; semi_successful means partial task progress without full task success
userlm,small,TinyLlama-1.1B-Chat-v1.0,contained_baseline,text_only,nominal,piper,faster_whisper,11,execution_incomplete,2,0,0,0.0,0.1125,0.0,0.0,1.0,0.0,0.0,2.877090420515742,task_outcome:2,derived outcome band; semi_successful means partial task progress without full task success
userlm,small,TinyLlama-1.1B-Chat-v1.0,contained_baseline,text_only,challenging,piper,faster_whisper,6,execution_incomplete,2,0,0,0.0,0.1125,0.0,0.0,1.0,0.0,0.0,2.1791301544872113,task_outcome:2,derived outcome band; semi_successful means partial task progress without full task success
userlm,small,TinyLlama-1.1B-Chat-v1.0,contained_baseline,text_only,floor,piper,vosk,1,execution_incomplete,6,0,0,0.0,0.1125,0.0,0.0,1.0,0.0,0.0,2.058913867610196,task_outcome:6,derived outcome band; semi_successful means partial task progress without full task success
userlm,small,TinyLlama-1.1B-Chat-v1.0,contained_baseline,text_only,floor,piper,faster_whisper,1,execution_incomplete,1,0,0,0.0,0.1125,0.0,0.0,1.0,0.0,0.0,2.3207359430380166,task_outcome:1,derived outcome band; semi_successful means partial task progress without full task success
userlm,small,TinyLlama-1.1B-Chat-v1.0,contained_baseline,text_only,ceiling,piper,vosk,16,execution_incomplete,11,0,0,0.0,0.1125,0.0,0.0,1.0,0.0,0.0,2.915892174541527,task_outcome:11,derived outcome band; semi_successful means partial task progress without full task success
userlm,small,TinyLlama-1.1B-Chat-v1.0,contained_baseline,text_only,challenging,piper,vosk,6,execution_incomplete,5,0,0,0.0,0.1125,0.0,0.0,1.0,0.0,0.0,1.9148397360462694,task_outcome:5,derived outcome band; semi_successful means partial task progress without full task success
userlm,small,TinyLlama-1.1B-Chat-v1.0,contained_baseline,text_only,nominal,piper,vosk,11,execution_incomplete,5,0,0,0.0,0.1125,0.0,0.0,1.0,0.0,0.0,1.6511289737652988,task_outcome:5,derived outcome band; semi_successful means partial task progress without full task success
userlm,small,TinyLlama-1.1B-Chat-v1.0,pressure_small_baseline,text_only,ceiling,piper,faster_whisper,16,execution_incomplete,5,0,0,0.0,0.1125,0.0,0.0,1.0,0.0,0.0,2.053420636197552,task_outcome:5,derived outcome band; semi_successful means partial task progress without full task success
userlm,small,TinyLlama-1.1B-Chat-v1.0,pressure_small_baseline,text_only,nominal,piper,faster_whisper,11,execution_incomplete,5,0,0,0.0,0.1125,0.0,0.0,1.0,0.0,0.0,1.9683250362053513,task_outcome:5,derived outcome band; semi_successful means partial task progress without full task success
userlm,small,TinyLlama-1.1B-Chat-v1.0,pressure_small_baseline,text_only,challenging,piper,faster_whisper,6,execution_incomplete,5,0,0,0.0,0.1125,0.0,0.0,1.0,0.0,0.0,2.270701220072806,task_outcome:5,derived outcome band; semi_successful means partial task progress without full task success
userlm,small,TinyLlama-1.1B-Chat-v1.0,pressure_small_baseline,text_only,floor,piper,faster_whisper,1,execution_incomplete,4,0,0,0.0,0.1125,0.0,0.0,1.0,0.0,0.0,1.4562649515573867,task_outcome:4,derived outcome band; semi_successful means partial task progress without full task success
userlm,medium,Phi-3-mini-4k-instruct,reasoning_focused_phi,audio_variant,ceiling,piper,vosk,16,successful,14,14,14,1.0,0.9324571428571428,0.21416428571428572,0.8247714285714285,1.0,1.0,15.785714285714286,698.9776897346268,none:14,derived outcome band; semi_successful means partial task progress without full task success
userlm,medium,Phi-3-mini-4k-instruct,reasoning_focused_phi,audio_variant,challenging,piper,vosk,6,successful,3,3,3,1.0,0.9139333333333334,0.3257666666666667,0.8838666666666667,1.0,1.0,18.333333333333332,885.0729730796689,none:3,derived outcome band; semi_successful means partial task progress without full task success
userlm,medium,Phi-3-mini-4k-instruct,reasoning_focused_phi,audio_variant,ceiling,piper,faster_whisper,16,successful,1,1,1,1.0,0.9245,0.0183,0.0,1.0,1.0,13.0,822.5976002849638,none:1,derived outcome band; semi_successful means partial task progress without full task success
userlm,medium,Phi-3-mini-4k-instruct,reasoning_focused_phi,audio_variant,nominal,piper,vosk,11,successful,5,5,5,1.0,0.94342,0.22174,0.9124399999999999,1.0,0.99024,13.0,676.1549954752438,none:5,derived outcome band; semi_successful means partial task progress without full task success
userlm,medium,Phi-3-mini-4k-instruct,reasoning_focused_phi,audio_variant,challenging,piper,faster_whisper,6,successful,1,1,1,1.0,0.9258,0.0745,0.129,1.0,0.9688,13.0,839.0071762588341,none:1,derived outcome band; semi_successful means partial task progress without full task success
userlm,medium,Phi-3-mini-4k-instruct,reasoning_focused_phi,audio_variant,nominal,piper,faster_whisper,11,successful,1,1,1,1.0,0.97,0.0929,0.0,1.0,1.0,11.0,695.5635611300822,none:1,derived outcome band; semi_successful means partial task progress without full task success
userlm,medium,Phi-3-mini-4k-instruct,pressure_medium_phi3,audio_variant,ceiling,piper,faster_whisper,16,successful,3,3,3,1.0,0.9649666666666666,0.05533333333333334,0.1058,1.0,0.9926333333333334,11.0,778.3434448242964,none:3,derived outcome band; semi_successful means partial task progress without full task success
userlm,medium,Phi-3-mini-4k-instruct,pressure_medium_phi3,audio_variant,challenging,piper,faster_whisper,6,successful,1,1,1,1.0,0.9559,0.0317,0.0,1.0,0.9779,8.0,641.0503715740051,none:1,derived outcome band; semi_successful means partial task progress without full task success
userlm,medium,Phi-3-mini-4k-instruct,reasoning_focused_phi,text_only,ceiling,piper,vosk,16,successful,15,15,15,1.0,0.9728933333333334,0.008906666666666667,0.020146666666666667,1.0,1.0,9.666666666666666,601.9532358846317,none:15,derived outcome band; semi_successful means partial task progress without full task success
userlm,medium,Phi-3-mini-4k-instruct,reasoning_focused_phi,text_only,challenging,piper,vosk,6,successful,4,4,4,1.0,0.971375,0.003225,0.019225,1.0,1.0,10.0,656.488774702535,none:4,derived outcome band; semi_successful means partial task progress without full task success
userlm,medium,Phi-3-mini-4k-instruct,reasoning_focused_phi,text_only,floor,piper,vosk,1,successful,5,5,5,1.0,0.9462999999999999,0.01082,0.04758,0.2,1.0,13.4,714.5875018049962,none:5,derived outcome band; semi_successful means partial task progress without full task success
userlm,medium,Phi-3-mini-4k-instruct,reasoning_focused_phi,text_only,ceiling,piper,faster_whisper,16,successful,1,1,1,1.0,0.9262,0.0046,0.0,1.0,1.0,13.0,715.8600737650413,none:1,derived outcome band; semi_successful means partial task progress without full task success
userlm,medium,Phi-3-mini-4k-instruct,reasoning_focused_phi,text_only,nominal,piper,vosk,11,successful,5,5,5,1.0,0.9728199999999999,0.0,0.0,1.0,0.9945999999999999,9.0,579.1080855327658,none:5,derived outcome band; semi_successful means partial task progress without full task success
userlm,medium,Phi-3-mini-4k-instruct,reasoning_focused_phi,text_only,challenging,piper,faster_whisper,6,successful,1,1,1,1.0,0.9759,0.01,0.0,1.0,1.0,9.0,564.8237928040326,none:1,derived outcome band; semi_successful means partial task progress without full task success
userlm,medium,Phi-3-mini-4k-instruct,reasoning_focused_phi,text_only,nominal,piper,faster_whisper,11,successful,1,1,1,1.0,0.9773,0.0,0.0,1.0,1.0,9.0,595.4621292951051,none:1,derived outcome band; semi_successful means partial task progress without full task success
userlm,medium,Phi-3-mini-4k-instruct,pressure_medium_phi3,text_only,ceiling,piper,faster_whisper,16,successful,3,3,3,1.0,0.9681000000000001,0.021500000000000002,0.1058,1.0,0.9926333333333334,11.0,491.6232872839707,none:3,derived outcome band; semi_successful means partial task progress without full task success
userlm,medium,Phi-3-mini-4k-instruct,pressure_medium_phi3,text_only,challenging,piper,faster_whisper,6,successful,1,1,1,1.0,0.9588,0.0,0.0,1.0,0.9779,8.0,474.2337962181773,none:1,derived outcome band; semi_successful means partial task progress without full task success
userlm,medium,Phi-3-mini-4k-instruct,pressure_medium_phi3,text_only,challenging,piper,faster_whisper,6,semi_successful,1,0,1,0.0,0.14,0.016,0.0,1.0,0.4034,13.0,416.0437752190046,backend_task_execution:1,derived outcome band; semi_successful means partial task progress without full task success
userlm,medium,Phi-3-mini-4k-instruct,reasoning_focused_phi,audio_variant,floor,piper,vosk,1,unsuccessful,5,0,0,0.0,0.0602,0.77708,1.0,0.2,0.0,13.4,85.34864864200354,asr:5,derived outcome band; semi_successful means partial task progress without full task success
userlm,medium,Phi-3-mini-4k-instruct,reasoning_focused_phi,audio_variant,challenging,piper,vosk,6,unsuccessful,1,0,0,0.0,0.1072,0.1951,1.0,0.5,0.0,20.0,508.2542616899591,asr:1,derived outcome band; semi_successful means partial task progress without full task success
userlm,medium,Phi-3-mini-4k-instruct,reasoning_focused_phi,audio_variant,nominal,piper,faster_whisper,11,execution_incomplete,3,0,0,0.0,0.1125,0.0,0.0,1.0,0.0,0.0,2.8836676873421916,task_outcome:3,derived outcome band; semi_successful means partial task progress without full task success
userlm,medium,Phi-3-mini-4k-instruct,reasoning_focused_phi,audio_variant,floor,piper,faster_whisper,1,execution_incomplete,1,0,0,0.0,0.1125,0.0,0.0,1.0,0.0,0.0,2.0171694681048393,task_outcome:1,derived outcome band; semi_successful means partial task progress without full task success
userlm,medium,Phi-3-mini-4k-instruct,reasoning_focused_phi,audio_variant,ceiling,piper,faster_whisper,16,execution_incomplete,6,0,0,0.0,0.1125,0.0,0.0,1.0,0.0,0.0,3.264282161874386,task_outcome:6,derived outcome band; semi_successful means partial task progress without full task success
userlm,medium,Phi-3-mini-4k-instruct,reasoning_focused_phi,audio_variant,challenging,piper,faster_whisper,6,execution_incomplete,3,0,0,0.0,0.1125,0.0,0.0,1.0,0.0,0.0,1.9483697372488678,task_outcome:3,derived outcome band; semi_successful means partial task progress without full task success
userlm,medium,Phi-3-mini-4k-instruct,reasoning_focused_phi,audio_variant,floor,piper,vosk,1,execution_incomplete,11,0,0,0.0,0.1125,0.0,0.0,1.0,0.0,0.0,1.9913016422016716,task_outcome:11,derived outcome band; semi_successful means partial task progress without full task success
userlm,medium,Phi-3-mini-4k-instruct,reasoning_focused_phi,audio_variant,ceiling,piper,vosk,16,execution_incomplete,28,0,0,0.0,0.1125,0.0,0.0,1.0,0.0,0.0,3.0017081949627027,task_outcome:28,derived outcome band; semi_successful means partial task progress without full task success
userlm,medium,Phi-3-mini-4k-instruct,reasoning_focused_phi,audio_variant,nominal,piper,vosk,11,execution_incomplete,10,0,0,0.0,0.1125,0.0,0.0,1.0,0.0,0.0,1.6516039532609283,task_outcome:10,derived outcome band; semi_successful means partial task progress without full task success
userlm,medium,Phi-3-mini-4k-instruct,reasoning_focused_phi,audio_variant,challenging,piper,vosk,6,execution_incomplete,10,0,0,0.0,0.1125,0.0,0.0,1.0,0.0,0.0,2.042292083404027,task_outcome:10,derived outcome band; semi_successful means partial task progress without full task success
userlm,medium,Phi-3-mini-4k-instruct,pressure_medium_phi3,audio_variant,ceiling,piper,faster_whisper,16,execution_incomplete,5,0,0,0.0,0.1125,0.0,0.0,1.0,0.0,0.0,2.0369573686271907,task_outcome:5,derived outcome band; semi_successful means partial task progress without full task success
userlm,medium,Phi-3-mini-4k-instruct,pressure_medium_phi3,audio_variant,nominal,piper,faster_whisper,11,execution_incomplete,5,0,0,0.0,0.1125,0.0,0.0,1.0,0.0,0.0,1.9439785735681654,task_outcome:5,derived outcome band; semi_successful means partial task progress without full task success
userlm,medium,Phi-3-mini-4k-instruct,pressure_medium_phi3,audio_variant,challenging,piper,faster_whisper,6,execution_incomplete,5,0,0,0.0,0.1125,0.0,0.0,1.0,0.0,0.0,2.1924604919739066,task_outcome:5,derived outcome band; semi_successful means partial task progress without full task success
userlm,medium,Phi-3-mini-4k-instruct,pressure_medium_phi3,audio_variant,floor,piper,faster_whisper,1,execution_incomplete,4,0,0,0.0,0.1125,0.0,0.0,1.0,0.0,0.0,1.2905993761960417,task_outcome:4,derived outcome band; semi_successful means partial task progress without full task success
userlm,medium,Phi-3-mini-4k-instruct,reasoning_focused_phi,text_only,nominal,piper,faster_whisper,11,execution_incomplete,3,0,0,0.0,0.1125,0.0,0.0,1.0,0.0,0.0,3.0536493620214364,task_outcome:3,derived outcome band; semi_successful means partial task progress without full task success
userlm,medium,Phi-3-mini-4k-instruct,reasoning_focused_phi,text_only,floor,piper,faster_whisper,1,execution_incomplete,1,0,0,0.0,0.1125,0.0,0.0,1.0,0.0,0.0,2.124701610999182,task_outcome:1,derived outcome band; semi_successful means partial task progress without full task success
userlm,medium,Phi-3-mini-4k-instruct,reasoning_focused_phi,text_only,ceiling,piper,faster_whisper,16,execution_incomplete,6,0,0,0.0,0.1125,0.0,0.0,1.0,0.0,0.0,3.138819287996739,task_outcome:6,derived outcome band; semi_successful means partial task progress without full task success
userlm,medium,Phi-3-mini-4k-instruct,reasoning_focused_phi,text_only,challenging,piper,faster_whisper,6,execution_incomplete,3,0,0,0.0,0.1125,0.0,0.0,1.0,0.0,0.0,1.9416088916671772,task_outcome:3,derived outcome band; semi_successful means partial task progress without full task success
userlm,medium,Phi-3-mini-4k-instruct,reasoning_focused_phi,text_only,floor,piper,vosk,1,execution_incomplete,11,0,0,0.0,0.1125,0.0,0.0,1.0,0.0,0.0,1.951917611422356,task_outcome:11,derived outcome band; semi_successful means partial task progress without full task success
userlm,medium,Phi-3-mini-4k-instruct,reasoning_focused_phi,text_only,ceiling,piper,vosk,16,execution_incomplete,28,0,0,0.0,0.1125,0.0,0.0,1.0,0.0,0.0,2.962770222470031,task_outcome:28,derived outcome band; semi_successful means partial task progress without full task success
userlm,medium,Phi-3-mini-4k-instruct,reasoning_focused_phi,text_only,nominal,piper,vosk,11,execution_incomplete,10,0,0,0.0,0.1125,0.0,0.0,1.0,0.0,0.0,1.7239160146564245,task_outcome:10,derived outcome band; semi_successful means partial task progress without full task success
userlm,medium,Phi-3-mini-4k-instruct,reasoning_focused_phi,text_only,challenging,piper,vosk,6,execution_incomplete,10,0,0,0.0,0.1125,0.0,0.0,1.0,0.0,0.0,1.9136050453875213,task_outcome:10,derived outcome band; semi_successful means partial task progress without full task success
userlm,medium,Phi-3-mini-4k-instruct,pressure_medium_phi3,text_only,ceiling,piper,faster_whisper,16,execution_incomplete,5,0,0,0.0,0.1125,0.0,0.0,1.0,0.0,0.0,1.9918118314817548,task_outcome:5,derived outcome band; semi_successful means partial task progress without full task success
userlm,medium,Phi-3-mini-4k-instruct,pressure_medium_phi3,text_only,nominal,piper,faster_whisper,11,execution_incomplete,5,0,0,0.0,0.1125,0.0,0.0,1.0,0.0,0.0,1.874310301989317,task_outcome:5,derived outcome band; semi_successful means partial task progress without full task success
userlm,medium,Phi-3-mini-4k-instruct,pressure_medium_phi3,text_only,challenging,piper,faster_whisper,6,execution_incomplete,5,0,0,0.0,0.1125,0.0,0.0,1.0,0.0,0.0,2.226048206817359,task_outcome:5,derived outcome band; semi_successful means partial task progress without full task success
userlm,medium,Phi-3-mini-4k-instruct,pressure_medium_phi3,text_only,floor,piper,faster_whisper,1,execution_incomplete,4,0,0,0.0,0.1125,0.0,0.0,1.0,0.0,0.0,1.3185700557660311,task_outcome:4,derived outcome band; semi_successful means partial task progress without full task success
userlm,medium,Qwen2.5-1.5B-Instruct,medium_lite_qwen,audio_variant,ceiling,piper,vosk,16,successful,15,15,15,1.0,0.9394666666666667,0.21880666666666665,0.81714,0.9833333333333333,1.0,15.133333333333333,462.1353796489847,none:15,derived outcome band; semi_successful means partial task progress without full task success
userlm,medium,Qwen2.5-1.5B-Instruct,pressure_medium_qwen,audio_variant,ceiling,piper,faster_whisper,16,successful,15,15,15,1.0,0.9618800000000001,0.057300000000000004,0.10253333333333334,1.0,0.9887333333333334,11.0,433.3830375204639,none:15,derived outcome band; semi_successful means partial task progress without full task success
userlm,medium,Qwen2.5-1.5B-Instruct,pressure_medium_qwen,audio_variant,challenging,piper,faster_whisper,6,successful,7,7,7,1.0,0.9450857142857142,0.05642857142857143,0.04482857142857143,0.8571428571428571,0.9802142857142856,10.285714285714286,366.3207689120235,none:7,derived outcome band; semi_successful means partial task progress without full task success
userlm,medium,Qwen2.5-1.5B-Instruct,medium_lite_qwen,audio_variant,challenging,piper,vosk,6,successful,5,5,5,1.0,0.9129200000000001,0.31202,0.8779,0.8833399999999999,1.0,18.6,491.9350437227637,none:5,derived outcome band; semi_successful means partial task progress without full task success
userlm,medium,Qwen2.5-1.5B-Instruct,pressure_medium_qwen,audio_variant,floor,piper,faster_whisper,1,successful,3,3,3,1.0,0.9251999999999999,0.30033333333333334,0.13196666666666668,0.6666666666666666,1.0,14.666666666666666,519.2910796819875,none:3,derived outcome band; semi_successful means partial task progress without full task success
userlm,medium,Qwen2.5-1.5B-Instruct,medium_lite_qwen,audio_variant,ceiling,piper,faster_whisper,16,successful,1,1,1,1.0,0.9247,0.0229,0.0,1.0,1.0,13.0,469.80246716807596,none:1,derived outcome band; semi_successful means partial task progress without full task success
userlm,medium,Qwen2.5-1.5B-Instruct,medium_lite_qwen,audio_variant,nominal,piper,vosk,11,successful,5,5,5,1.0,0.91974,0.2264,0.91616,1.0,0.9848800000000001,15.6,491.8679622184485,none:5,derived outcome band; semi_successful means partial task progress without full task success
userlm,medium,Qwen2.5-1.5B-Instruct,pressure_medium_qwen,audio_variant,nominal,piper,faster_whisper,11,successful,5,5,5,1.0,0.9635,0.035820000000000005,0.0,1.0,1.0,10.0,399.50241382899696,none:5,derived outcome band; semi_successful means partial task progress without full task success
userlm,medium,Qwen2.5-1.5B-Instruct,medium_lite_qwen,audio_variant,challenging,piper,faster_whisper,6,successful,1,1,1,1.0,0.9486,0.08,0.0,1.0,0.9732,9.0,439.0480129888747,none:1,derived outcome band; semi_successful means partial task progress without full task success
userlm,medium,Qwen2.5-1.5B-Instruct,medium_lite_qwen,audio_variant,nominal,piper,faster_whisper,11,successful,1,1,1,1.0,0.9729,0.0546,0.0,1.0,1.0,11.0,471.4041484410409,none:1,derived outcome band; semi_successful means partial task progress without full task success
userlm,medium,Qwen2.5-1.5B-Instruct,medium_lite_qwen,text_only,ceiling,piper,vosk,16,successful,16,16,16,1.0,0.976275,0.0087875,0.0188875,1.0,1.0,9.375,379.08086869433464,none:16,derived outcome band; semi_successful means partial task progress without full task success
userlm,medium,Qwen2.5-1.5B-Instruct,pressure_medium_qwen,text_only,ceiling,piper,faster_whisper,16,successful,15,15,15,1.0,0.96682,0.02138,0.10335333333333334,1.0,0.9907533333333334,10.666666666666666,348.21459630260557,none:15,derived outcome band; semi_successful means partial task progress without full task success
userlm,medium,Qwen2.5-1.5B-Instruct,pressure_medium_qwen,text_only,challenging,piper,faster_whisper,6,successful,8,8,8,1.0,0.9508,0.004425,0.0209375,0.875,0.9799249999999999,9.625,322.67090404141345,none:8,derived outcome band; semi_successful means partial task progress without full task success
userlm,medium,Qwen2.5-1.5B-Instruct,medium_lite_qwen,text_only,challenging,piper,vosk,6,successful,5,5,5,1.0,0.97234,0.0047,0.01538,1.0,1.0,9.8,386.8025955721736,none:5,derived outcome band; semi_successful means partial task progress without full task success
userlm,medium,Qwen2.5-1.5B-Instruct,pressure_medium_qwen,text_only,floor,piper,faster_whisper,1,successful,4,4,4,1.0,0.9226,0.016575,0.042725,0.0,0.984375,15.0,343.8741885924828,none:4,derived outcome band; semi_successful means partial task progress without full task success
userlm,medium,Qwen2.5-1.5B-Instruct,medium_lite_qwen,text_only,ceiling,piper,faster_whisper,16,successful,1,1,1,1.0,0.9262,0.0046,0.0,1.0,1.0,13.0,394.66953099612147,none:1,derived outcome band; semi_successful means partial task progress without full task success
userlm,medium,Qwen2.5-1.5B-Instruct,medium_lite_qwen,text_only,nominal,piper,vosk,11,successful,5,5,5,1.0,0.96852,0.0,0.0,1.0,0.98924,9.0,364.1383399702143,none:5,derived outcome band; semi_successful means partial task progress without full task success
userlm,medium,Qwen2.5-1.5B-Instruct,medium_lite_qwen,text_only,floor,piper,vosk,1,successful,5,5,5,1.0,0.94144,0.01042,0.04758,0.2,0.9946400000000001,13.8,442.3926855388563,none:5,derived outcome band; semi_successful means partial task progress without full task success
userlm,medium,Qwen2.5-1.5B-Instruct,pressure_medium_qwen,text_only,nominal,piper,faster_whisper,11,successful,5,5,5,1.0,0.96692,0.0,0.0,1.0,1.0,9.6,335.8325243771542,none:5,derived outcome band; semi_successful means partial task progress without full task success
userlm,medium,Qwen2.5-1.5B-Instruct,medium_lite_qwen,text_only,challenging,piper,faster_whisper,6,successful,1,1,1,1.0,0.9544,0.01,0.0,1.0,0.9732,9.0,374.9164907198865,none:1,derived outcome band; semi_successful means partial task progress without full task success
userlm,medium,Qwen2.5-1.5B-Instruct,medium_lite_qwen,text_only,nominal,piper,faster_whisper,11,successful,1,1,1,1.0,0.9773,0.0,0.0,1.0,1.0,9.0,346.3799822500441,none:1,derived outcome band; semi_successful means partial task progress without full task success
userlm,medium,Qwen2.5-1.5B-Instruct,pressure_medium_qwen,audio_variant,floor,piper,faster_whisper,1,semi_successful,1,0,1,0.0,0.8995,0.2827,0.1304,1.0,0.75,16.0,490.6219313070178,asr:1,derived outcome band; semi_successful means partial task progress without full task success
userlm,medium,Qwen2.5-1.5B-Instruct,pressure_medium_qwen,audio_variant,challenging,piper,faster_whisper,6,semi_successful,2,0,2,0.0,0.1345,0.07345,0.0,1.0,0.4034,11.0,269.15885851636995,asr:2,derived outcome band; semi_successful means partial task progress without full task success
userlm,medium,Qwen2.5-1.5B-Instruct,pressure_medium_qwen,text_only,challenging,piper,faster_whisper,6,semi_successful,2,0,2,0.0,0.1401,0.016,0.0,1.0,0.4034,13.0,117.71337711939123,backend_task_execution:2,derived outcome band; semi_successful means partial task progress without full task success
userlm,medium,Qwen2.5-1.5B-Instruct,medium_lite_qwen,audio_variant,floor,piper,vosk,1,unsuccessful,5,0,0,0.0,0.06556,0.7407,1.0,0.2,0.0,9.4,57.54789711181074,asr:5,derived outcome band; semi_successful means partial task progress without full task success
userlm,medium,Qwen2.5-1.5B-Instruct,pressure_medium_qwen,audio_variant,challenging,piper,faster_whisper,6,unsuccessful,1,0,0,0.0,0.1317,0.1176,0.5,1.0,0.0,3.0,37.00399121362716,asr:1,derived outcome band; semi_successful means partial task progress without full task success
userlm,medium,Qwen2.5-1.5B-Instruct,medium_lite_qwen,audio_variant,nominal,piper,vosk,11,execution_incomplete,10,0,0,0.0,0.1125,0.0,0.0,1.0,0.0,0.0,1.5854583647102118,task_outcome:10,derived outcome band; semi_successful means partial task progress without full task success
userlm,medium,Qwen2.5-1.5B-Instruct,medium_lite_qwen,audio_variant,ceiling,piper,vosk,16,execution_incomplete,27,0,0,0.0,0.1125,0.0,0.0,1.0,0.0,0.0,2.8767813525542065,task_outcome:27,derived outcome band; semi_successful means partial task progress without full task success
userlm,medium,Qwen2.5-1.5B-Instruct,medium_lite_qwen,audio_variant,challenging,piper,vosk,6,execution_incomplete,10,0,0,0.0,0.1125,0.0,0.0,1.0,0.0,0.0,1.874652031925507,task_outcome:10,derived outcome band; semi_successful means partial task progress without full task success
userlm,medium,Qwen2.5-1.5B-Instruct,medium_lite_qwen,audio_variant,ceiling,piper,faster_whisper,16,execution_incomplete,5,0,0,0.0,0.1125,0.0,0.0,1.0,0.0,0.0,2.2272748480550946,task_outcome:5,derived outcome band; semi_successful means partial task progress without full task success
userlm,medium,Qwen2.5-1.5B-Instruct,medium_lite_qwen,audio_variant,floor,piper,vosk,1,execution_incomplete,10,0,0,0.0,0.1125,0.0,0.0,1.0,0.0,0.0,1.971074899402447,task_outcome:10,derived outcome band; semi_successful means partial task progress without full task success
userlm,medium,Qwen2.5-1.5B-Instruct,medium_lite_qwen,audio_variant,challenging,piper,faster_whisper,6,execution_incomplete,2,0,0,0.0,0.1125,0.0,0.0,1.0,0.0,0.0,1.7559691739734262,task_outcome:2,derived outcome band; semi_successful means partial task progress without full task success
userlm,medium,Qwen2.5-1.5B-Instruct,medium_lite_qwen,audio_variant,nominal,piper,faster_whisper,11,execution_incomplete,2,0,0,0.0,0.1125,0.0,0.0,1.0,0.0,0.0,3.3834635159000754,task_outcome:2,derived outcome band; semi_successful means partial task progress without full task success
userlm,medium,Qwen2.5-1.5B-Instruct,pressure_medium_qwen,audio_variant,ceiling,piper,faster_whisper,16,execution_incomplete,5,0,0,0.0,0.1125,0.0,0.0,1.0,0.0,0.0,2.0541764123830943,task_outcome:5,derived outcome band; semi_successful means partial task progress without full task success
userlm,medium,Qwen2.5-1.5B-Instruct,pressure_medium_qwen,audio_variant,nominal,piper,faster_whisper,11,execution_incomplete,5,0,0,0.0,0.1125,0.0,0.0,1.0,0.0,0.0,1.8989295091945677,task_outcome:5,derived outcome band; semi_successful means partial task progress without full task success
userlm,medium,Qwen2.5-1.5B-Instruct,pressure_medium_qwen,audio_variant,challenging,piper,faster_whisper,6,execution_incomplete,5,0,0,0.0,0.1125,0.0,0.0,1.0,0.0,0.0,2.2479042537976057,task_outcome:5,derived outcome band; semi_successful means partial task progress without full task success
userlm,medium,Qwen2.5-1.5B-Instruct,pressure_medium_qwen,audio_variant,floor,piper,faster_whisper,1,execution_incomplete,4,0,0,0.0,0.1125,0.0,0.0,1.0,0.0,0.0,1.2720903558074497,task_outcome:4,derived outcome band; semi_successful means partial task progress without full task success
userlm,medium,Qwen2.5-1.5B-Instruct,medium_lite_qwen,text_only,nominal,piper,vosk,11,execution_incomplete,10,0,0,0.0,0.1125,0.0,0.0,1.0,0.0,0.0,1.540091095608659,task_outcome:10,derived outcome band; semi_successful means partial task progress without full task success
userlm,medium,Qwen2.5-1.5B-Instruct,medium_lite_qwen,text_only,ceiling,piper,vosk,16,execution_incomplete,27,0,0,0.0,0.1125,0.0,0.0,1.0,0.0,0.0,2.9101202954900347,task_outcome:27,derived outcome band; semi_successful means partial task progress without full task success
userlm,medium,Qwen2.5-1.5B-Instruct,medium_lite_qwen,text_only,challenging,piper,vosk,6,execution_incomplete,10,0,0,0.0,0.1125,0.0,0.0,1.0,0.0,0.0,1.9091646905289963,task_outcome:10,derived outcome band; semi_successful means partial task progress without full task success
userlm,medium,Qwen2.5-1.5B-Instruct,medium_lite_qwen,text_only,ceiling,piper,faster_whisper,16,execution_incomplete,5,0,0,0.0,0.1125,0.0,0.0,1.0,0.0,0.0,2.2460420642048122,task_outcome:5,derived outcome band; semi_successful means partial task progress without full task success
userlm,medium,Qwen2.5-1.5B-Instruct,medium_lite_qwen,text_only,floor,piper,vosk,1,execution_incomplete,10,0,0,0.0,0.1125,0.0,0.0,1.0,0.0,0.0,1.9560094097163527,task_outcome:10,derived outcome band; semi_successful means partial task progress without full task success
userlm,medium,Qwen2.5-1.5B-Instruct,medium_lite_qwen,text_only,challenging,piper,faster_whisper,6,execution_incomplete,2,0,0,0.0,0.1125,0.0,0.0,1.0,0.0,0.0,1.7288633753778413,task_outcome:2,derived outcome band; semi_successful means partial task progress without full task success
userlm,medium,Qwen2.5-1.5B-Instruct,medium_lite_qwen,text_only,nominal,piper,faster_whisper,11,execution_incomplete,2,0,0,0.0,0.1125,0.0,0.0,1.0,0.0,0.0,3.3170035094954073,task_outcome:2,derived outcome band; semi_successful means partial task progress without full task success
userlm,medium,Qwen2.5-1.5B-Instruct,pressure_medium_qwen,text_only,ceiling,piper,faster_whisper,16,execution_incomplete,5,0,0,0.0,0.1125,0.0,0.0,1.0,0.0,0.0,1.868939384818077,task_outcome:5,derived outcome band; semi_successful means partial task progress without full task success
userlm,medium,Qwen2.5-1.5B-Instruct,pressure_medium_qwen,text_only,nominal,piper,faster_whisper,11,execution_incomplete,5,0,0,0.0,0.1125,0.0,0.0,1.0,0.0,0.0,1.920099682174623,task_outcome:5,derived outcome band; semi_successful means partial task progress without full task success
userlm,medium,Qwen2.5-1.5B-Instruct,pressure_medium_qwen,text_only,challenging,piper,faster_whisper,6,execution_incomplete,5,0,0,0.0,0.1125,0.0,0.0,1.0,0.0,0.0,2.2089147484861313,task_outcome:5,derived outcome band; semi_successful means partial task progress without full task success
userlm,medium,Qwen2.5-1.5B-Instruct,pressure_medium_qwen,text_only,floor,piper,faster_whisper,1,execution_incomplete,4,0,0,0.0,0.1125,0.0,0.0,1.0,0.0,0.0,1.2653064320329577,task_outcome:4,derived outcome band; semi_successful means partial task progress without full task success
userlm,large,Qwen2.5-7B-Instruct,large_qwen_multilingual,audio_variant,ceiling,piper,vosk,16,successful,7,7,7,1.0,0.9316000000000001,0.2164857142857143,0.7800285714285715,1.0,1.0,16.0,789.4350854252864,none:7,derived outcome band; semi_successful means partial task progress without full task success
userlm,large,Qwen2.5-7B-Instruct,large_qwen_multilingual,audio_variant,challenging,piper,vosk,6,successful,2,2,2,1.0,0.92285,0.2869,0.9233,1.0,1.0,17.5,1118.7929395070532,none:2,derived outcome band; semi_successful means partial task progress without full task success
userlm,large,Qwen2.5-7B-Instruct,large_qwen_multilingual,audio_variant,ceiling,piper,faster_whisper,16,successful,1,1,1,1.0,0.9252,0.0138,0.0,1.0,1.0,13.0,1135.9793878728524,none:1,derived outcome band; semi_successful means partial task progress without full task success
userlm,large,Qwen2.5-7B-Instruct,large_qwen_multilingual,audio_variant,nominal,piper,vosk,11,successful,3,3,3,1.0,0.9283333333333333,0.21846666666666667,0.9629666666666666,1.0,0.9748,14.333333333333334,1020.8258370893697,none:3,derived outcome band; semi_successful means partial task progress without full task success
userlm,large,Qwen2.5-7B-Instruct,large_qwen_multilingual,audio_variant,challenging,piper,faster_whisper,6,successful,1,1,1,1.0,0.9387,0.0633,0.0,1.0,0.9732,11.0,1061.3501270860434,none:1,derived outcome band; semi_successful means partial task progress without full task success
userlm,large,Qwen2.5-7B-Instruct,large_qwen_multilingual,audio_variant,nominal,piper,faster_whisper,11,successful,1,1,1,1.0,0.9724,0.0601,0.0,1.0,1.0,11.0,864.5524172391742,none:1,derived outcome band; semi_successful means partial task progress without full task success
userlm,large,Qwen2.5-7B-Instruct,pressure_large_qwen,audio_variant,ceiling,piper,faster_whisper,16,successful,3,3,3,1.0,0.9653,0.05156666666666667,0.09423333333333334,1.0,0.9926333333333334,10.333333333333334,754.5980017376909,none:3,derived outcome band; semi_successful means partial task progress without full task success
userlm,large,Qwen2.5-7B-Instruct,pressure_large_qwen,audio_variant,challenging,piper,faster_whisper,6,successful,1,1,1,1.0,0.9561,0.0317,0.0,1.0,0.9779,8.0,699.5647172080353,none:1,derived outcome band; semi_successful means partial task progress without full task success
userlm,large,Qwen2.5-7B-Instruct,large_qwen_multilingual,text_only,ceiling,piper,vosk,16,successful,8,8,8,1.0,0.9766,0.0058,0.0,1.0,1.0,9.0,698.5276334433875,none:8,derived outcome band; semi_successful means partial task progress without full task success
userlm,large,Qwen2.5-7B-Instruct,large_qwen_multilingual,text_only,challenging,piper,vosk,6,successful,3,3,3,1.0,0.9695333333333332,0.002533333333333333,0.02563333333333333,1.0,1.0,10.333333333333334,918.6924635610388,none:3,derived outcome band; semi_successful means partial task progress without full task success
userlm,large,Qwen2.5-7B-Instruct,large_qwen_multilingual,text_only,ceiling,piper,faster_whisper,16,successful,1,1,1,1.0,0.9262,0.0046,0.0,1.0,1.0,13.0,1054.5245715349447,none:1,derived outcome band; semi_successful means partial task progress without full task success
userlm,large,Qwen2.5-7B-Instruct,large_qwen_multilingual,text_only,nominal,piper,vosk,11,successful,3,3,3,1.0,0.9626999999999999,0.0,0.0,1.0,0.9820666666666668,9.0,781.1162662776964,none:3,derived outcome band; semi_successful means partial task progress without full task success
userlm,large,Qwen2.5-7B-Instruct,large_qwen_multilingual,text_only,floor,piper,vosk,1,successful,2,2,2,1.0,0.9327,0.008,0.0,0.5,0.9865999999999999,14.0,1018.3326382164378,none:2,derived outcome band; semi_successful means partial task progress without full task success
userlm,large,Qwen2.5-7B-Instruct,large_qwen_multilingual,text_only,challenging,piper,faster_whisper,6,successful,1,1,1,1.0,0.9544,0.01,0.0,1.0,0.9732,9.0,789.5116365340073,none:1,derived outcome band; semi_successful means partial task progress without full task success
userlm,large,Qwen2.5-7B-Instruct,large_qwen_multilingual,text_only,nominal,piper,faster_whisper,11,successful,1,1,1,1.0,0.9773,0.0,0.0,1.0,1.0,9.0,787.1643250328489,none:1,derived outcome band; semi_successful means partial task progress without full task success
userlm,large,Qwen2.5-7B-Instruct,pressure_large_qwen,text_only,ceiling,piper,faster_whisper,16,successful,3,3,3,1.0,0.9681000000000001,0.021500000000000002,0.1058,1.0,0.9926333333333334,11.0,399.0700504690564,none:3,derived outcome band; semi_successful means partial task progress without full task success
userlm,large,Qwen2.5-7B-Instruct,pressure_large_qwen,text_only,challenging,piper,faster_whisper,6,successful,1,1,1,1.0,0.9588,0.0,0.0,1.0,0.9779,8.0,360.07807625015266,none:1,derived outcome band; semi_successful means partial task progress without full task success
userlm,large,Qwen2.5-7B-Instruct,pressure_large_qwen,audio_variant,challenging,piper,faster_whisper,6,semi_successful,1,0,1,0.0,0.1339,0.0791,0.0,1.0,0.4034,11.0,685.3259585150518,asr:1,derived outcome band; semi_successful means partial task progress without full task success
userlm,large,Qwen2.5-7B-Instruct,pressure_large_qwen,text_only,challenging,piper,faster_whisper,6,semi_successful,1,0,1,0.0,0.1401,0.016,0.0,1.0,0.4034,13.0,243.2228982730303,backend_task_execution:1,derived outcome band; semi_successful means partial task progress without full task success
userlm,large,Qwen2.5-7B-Instruct,large_qwen_multilingual,audio_variant,floor,piper,vosk,1,unsuccessful,2,0,0,0.0,0.07025,0.7110000000000001,1.0,0.5,0.0,6.0,38.62042478937656,asr:2,derived outcome band; semi_successful means partial task progress without full task success
userlm,large,Qwen2.5-7B-Instruct,large_qwen_multilingual,audio_variant,challenging,piper,vosk,6,execution_incomplete,10,0,0,0.0,0.1125,0.0,0.0,1.0,0.0,0.0,2.010931982519105,task_outcome:10,derived outcome band; semi_successful means partial task progress without full task success
userlm,large,Qwen2.5-7B-Instruct,large_qwen_multilingual,audio_variant,ceiling,piper,vosk,16,execution_incomplete,27,0,0,0.0,0.1125,0.0,0.0,1.0,0.0,0.0,2.863159693984522,task_outcome:27,derived outcome band; semi_successful means partial task progress without full task success
userlm,large,Qwen2.5-7B-Instruct,large_qwen_multilingual,audio_variant,ceiling,piper,faster_whisper,16,execution_incomplete,5,0,0,0.0,0.1125,0.0,0.0,1.0,0.0,0.0,2.6327315951697527,task_outcome:5,derived outcome band; semi_successful means partial task progress without full task success
userlm,large,Qwen2.5-7B-Instruct,large_qwen_multilingual,audio_variant,nominal,piper,vosk,11,execution_incomplete,10,0,0,0.0,0.1125,0.0,0.0,1.0,0.0,0.0,1.5831576032564043,task_outcome:10,derived outcome band; semi_successful means partial task progress without full task success
userlm,large,Qwen2.5-7B-Instruct,large_qwen_multilingual,audio_variant,floor,piper,vosk,1,execution_incomplete,10,0,0,0.0,0.1125,0.0,0.0,1.0,0.0,0.0,2.055809117201716,task_outcome:10,derived outcome band; semi_successful means partial task progress without full task success
userlm,large,Qwen2.5-7B-Instruct,large_qwen_multilingual,audio_variant,challenging,piper,faster_whisper,6,execution_incomplete,2,0,0,0.0,0.1125,0.0,0.0,1.0,0.0,0.0,1.8514197134645656,task_outcome:2,derived outcome band; semi_successful means partial task progress without full task success
userlm,large,Qwen2.5-7B-Instruct,large_qwen_multilingual,audio_variant,nominal,piper,faster_whisper,11,execution_incomplete,2,0,0,0.0,0.1125,0.0,0.0,1.0,0.0,0.0,3.428939839010127,task_outcome:2,derived outcome band; semi_successful means partial task progress without full task success
userlm,large,Qwen2.5-7B-Instruct,pressure_large_qwen,audio_variant,floor,piper,faster_whisper,1,execution_incomplete,4,0,0,0.0,0.1125,0.0,0.0,1.0,0.0,0.0,1.3226742737460881,task_outcome:4,derived outcome band; semi_successful means partial task progress without full task success
userlm,large,Qwen2.5-7B-Instruct,pressure_large_qwen,audio_variant,ceiling,piper,faster_whisper,16,execution_incomplete,5,0,0,0.0,0.1125,0.0,0.0,1.0,0.0,0.0,1.9061334040015936,task_outcome:5,derived outcome band; semi_successful means partial task progress without full task success
userlm,large,Qwen2.5-7B-Instruct,pressure_large_qwen,audio_variant,challenging,piper,faster_whisper,6,execution_incomplete,5,0,0,0.0,0.1125,0.0,0.0,1.0,0.0,0.0,2.1185473944060504,task_outcome:5,derived outcome band; semi_successful means partial task progress without full task success
userlm,large,Qwen2.5-7B-Instruct,pressure_large_qwen,audio_variant,nominal,piper,faster_whisper,11,execution_incomplete,5,0,0,0.0,0.1125,0.0,0.0,1.0,0.0,0.0,1.9178004468325525,task_outcome:5,derived outcome band; semi_successful means partial task progress without full task success
userlm,large,Qwen2.5-7B-Instruct,large_qwen_multilingual,text_only,ceiling,piper,vosk,16,execution_incomplete,27,0,0,0.0,0.1125,0.0,0.0,1.0,0.0,0.0,2.864852890294666,task_outcome:27,derived outcome band; semi_successful means partial task progress without full task success
userlm,large,Qwen2.5-7B-Instruct,large_qwen_multilingual,text_only,ceiling,piper,faster_whisper,16,execution_incomplete,5,0,0,0.0,0.1125,0.0,0.0,1.0,0.0,0.0,2.4131116604432465,task_outcome:5,derived outcome band; semi_successful means partial task progress without full task success
userlm,large,Qwen2.5-7B-Instruct,large_qwen_multilingual,text_only,challenging,piper,vosk,6,execution_incomplete,10,0,0,0.0,0.1125,0.0,0.0,1.0,0.0,0.0,1.9902567043201997,task_outcome:10,derived outcome band; semi_successful means partial task progress without full task success
userlm,large,Qwen2.5-7B-Instruct,large_qwen_multilingual,text_only,nominal,piper,vosk,11,execution_incomplete,10,0,0,0.0,0.1125,0.0,0.0,1.0,0.0,0.0,1.6465942873153836,task_outcome:10,derived outcome band; semi_successful means partial task progress without full task success
userlm,large,Qwen2.5-7B-Instruct,large_qwen_multilingual,text_only,floor,piper,vosk,1,execution_incomplete,10,0,0,0.0,0.1125,0.0,0.0,1.0,0.0,0.0,2.05768573039677,task_outcome:10,derived outcome band; semi_successful means partial task progress without full task success
userlm,large,Qwen2.5-7B-Instruct,large_qwen_multilingual,text_only,challenging,piper,faster_whisper,6,execution_incomplete,2,0,0,0.0,0.1125,0.0,0.0,1.0,0.0,0.0,1.7924626260064542,task_outcome:2,derived outcome band; semi_successful means partial task progress without full task success
userlm,large,Qwen2.5-7B-Instruct,large_qwen_multilingual,text_only,nominal,piper,faster_whisper,11,execution_incomplete,2,0,0,0.0,0.1125,0.0,0.0,1.0,0.0,0.0,3.365400875452906,task_outcome:2,derived outcome band; semi_successful means partial task progress without full task success
userlm,large,Qwen2.5-7B-Instruct,pressure_large_qwen,text_only,ceiling,piper,faster_whisper,16,execution_incomplete,5,0,0,0.0,0.1125,0.0,0.0,1.0,0.0,0.0,1.8465500306338072,task_outcome:5,derived outcome band; semi_successful means partial task progress without full task success
userlm,large,Qwen2.5-7B-Instruct,pressure_large_qwen,text_only,challenging,piper,faster_whisper,6,execution_incomplete,5,0,0,0.0,0.1125,0.0,0.0,1.0,0.0,0.0,2.143179379124194,task_outcome:5,derived outcome band; semi_successful means partial task progress without full task success
userlm,large,Qwen2.5-7B-Instruct,pressure_large_qwen,text_only,nominal,piper,faster_whisper,11,execution_incomplete,5,0,0,0.0,0.1125,0.0,0.0,1.0,0.0,0.0,1.8830666894093155,task_outcome:5,derived outcome band; semi_successful means partial task progress without full task success
userlm,large,Qwen2.5-7B-Instruct,pressure_large_qwen,text_only,floor,piper,faster_whisper,1,execution_incomplete,4,0,0,0.0,0.1125,0.0,0.0,1.0,0.0,0.0,1.2697960102232173,task_outcome:4,derived outcome band; semi_successful means partial task progress without full task success
